"( Bay_id , aisle_id , level_id )",Pallet_id
"(39,1,2)",1
"(7,1,8)",2
"(9,1,1)",3
"(37,1,4)",4
"(14,1,3)",5
"(39,1,8)",6
"(38,1,4)",7
"(37,1,6)",8
"(46,1,4)",9
"(15,1,7)",10
"(53,1,8)",11
"(41,1,8)",12
"(2,1,4)",13
"(33,1,1)",14
"(51,1,5)",15
"(49,1,2)",16
"(52,1,1)",17
"(10,1,6)",18
"(29,1,3)",19
"(6,1,1)",20
"(49,1,10)",21
"(23,1,9)",22
"(35,1,9)",23
"(32,1,5)",24
"(23,1,10)",25
"(21,1,1)",26
"(8,1,9)",27
"(1,1,10)",28
"(47,1,1)",29
"(18,1,4)",30
"(29,1,7)",31
"(4,1,3)",32
"(26,1,1)",33
"(56,1,2)",34
"(55,1,7)",35
"(54,1,3)",36
"(10,1,3)",37
"(7,1,9)",38
"(42,1,10)",39
"(12,1,5)",40
"(31,1,1)",41
"(47,1,2)",42
"(15,1,4)",43
"(37,1,2)",44
"(3,1,10)",45
"(18,1,3)",46
"(31,1,4)",47
"(24,1,4)",48
"(51,1,4)",49
"(31,1,5)",50
"(23,1,6)",51
"(26,1,4)",52
"(55,1,1)",53
"(34,1,3)",54
"(43,1,4)",55
"(5,1,3)",56
"(21,1,4)",57
"(27,1,5)",58
"(7,1,5)",59
"(26,1,2)",60
"(21,1,8)",61
"(32,1,7)",62
"(52,1,3)",63
"(13,1,6)",64
"(28,1,10)",65
"(55,1,9)",66
"(44,1,3)",67
"(45,1,1)",68
"(3,1,4)",69
"(41,1,4)",70
"(20,1,9)",71
"(30,1,6)",72
"(15,1,9)",73
"(55,1,6)",74
"(34,1,8)",75
"(47,1,9)",76
"(4,1,2)",77
"(34,1,4)",78
"(11,1,8)",79
"(26,1,10)",80
"(11,1,1)",81
"(5,1,4)",82
"(53,1,5)",83
"(13,1,7)",84
"(19,1,3)",85
"(26,1,9)",86
"(28,1,8)",87
"(17,1,10)",88
"(46,1,3)",89
"(25,1,1)",90
"(52,1,6)",91
"(50,1,2)",92
"(47,1,6)",93
"(56,1,4)",94
"(53,1,10)",95
"(14,1,6)",96
"(22,1,10)",97
"(38,1,6)",98
"(45,1,8)",99
"(23,1,8)",100
"(40,1,8)",101
"(24,1,5)",102
"(18,1,8)",103
"(2,1,9)",104
"(49,1,8)",105
"(19,1,2)",106
"(38,1,2)",107
"(18,1,9)",108
"(37,1,9)",109
"(34,1,10)",110
"(39,1,6)",111
"(19,1,9)",112
"(8,1,10)",113
"(25,1,7)",114
"(49,1,4)",115
"(32,1,4)",116
"(22,1,1)",117
"(39,1,1)",118
"(53,1,1)",119
"(15,1,1)",120
"(4,1,6)",121
"(43,1,10)",122
"(49,1,9)",123
"(22,1,3)",124
"(30,1,5)",125
"(55,1,10)",126
"(19,1,1)",127
"(41,1,1)",128
"(23,1,2)",129
"(52,1,7)",130
"(51,1,8)",131
"(30,1,8)",132
"(35,1,5)",133
"(13,1,2)",134
"(16,1,7)",135
"(41,1,7)",136
"(37,1,10)",137
"(10,1,8)",138
"(56,1,7)",139
"(33,1,3)",140
"(34,1,6)",141
"(11,1,7)",142
"(36,1,6)",143
"(18,1,1)",144
"(5,1,9)",145
"(29,1,4)",146
"(17,1,8)",147
"(32,1,9)",148
"(9,1,9)",149
"(36,1,1)",150
"(14,1,7)",151
"(53,1,2)",152
"(54,1,2)",153
"(22,1,4)",154
"(25,1,2)",155
"(56,1,5)",156
"(12,1,8)",157
"(6,1,8)",158
"(43,1,2)",159
"(27,1,4)",160
"(17,1,9)",161
"(5,1,2)",162
"(2,1,7)",163
"(2,1,3)",164
"(35,1,7)",165
"(34,1,9)",166
"(14,1,5)",167
"(37,1,8)",168
"(12,1,6)",169
"(12,1,9)",170
"(54,1,8)",171
"(33,1,8)",172
"(29,1,10)",173
"(37,1,5)",174
"(15,1,5)",175
"(15,1,2)",176
"(4,1,10)",177
"(27,1,2)",178
"(18,1,2)",179
"(13,1,4)",180
"(45,1,4)",181
"(9,1,6)",182
"(50,1,9)",183
"(8,1,6)",184
"(1,1,2)",185
"(23,1,4)",186
"(30,1,2)",187
"(11,1,6)",188
"(41,1,10)",189
"(14,1,8)",190
"(4,1,7)",191
"(55,1,2)",192
"(7,1,7)",193
"(36,1,2)",194
"(2,1,1)",195
"(41,1,3)",196
"(21,1,7)",197
"(5,1,5)",198
"(22,1,9)",199
"(54,1,9)",200
"(51,1,1)",201
"(21,1,9)",202
"(24,1,6)",203
"(52,1,2)",204
"(33,1,4)",205
"(49,1,3)",206
"(42,1,2)",207
"(44,1,4)",208
"(12,1,7)",209
"(39,1,7)",210
"(46,1,1)",211
"(9,1,7)",212
"(48,1,2)",213
"(47,1,7)",214
"(24,1,3)",215
"(42,1,1)",216
"(49,1,5)",217
"(48,1,7)",218
"(46,1,8)",219
"(13,1,1)",220
"(49,1,7)",221
"(7,1,2)",222
"(35,1,2)",223
"(12,1,4)",224
"(11,2,1)",225
"(3,2,10)",226
"(39,2,7)",227
"(7,2,9)",228
"(32,2,5)",229
"(34,2,6)",230
"(18,2,8)",231
"(33,2,4)",232
"(8,2,10)",233
"(36,2,1)",234
"(39,2,8)",235
"(6,2,8)",236
"(48,2,7)",237
"(25,2,2)",238
"(53,2,10)",239
"(33,2,1)",240
"(49,2,7)",241
"(36,2,6)",242
"(15,2,4)",243
"(18,2,2)",244
"(46,2,3)",245
"(19,2,2)",246
"(24,2,6)",247
"(41,2,10)",248
"(2,2,9)",249
"(43,2,4)",250
"(52,2,6)",251
"(42,2,10)",252
"(22,2,9)",253
"(13,2,6)",254
"(51,2,1)",255
"(7,2,5)",256
"(42,2,1)",257
"(4,2,10)",258
"(18,2,3)",259
"(18,2,9)",260
"(25,2,7)",261
"(37,2,8)",262
"(14,2,6)",263
"(37,2,6)",264
"(22,2,3)",265
"(26,2,2)",266
"(12,2,4)",267
"(8,2,9)",268
"(9,2,1)",269
"(34,2,10)",270
"(2,2,4)",271
"(56,2,7)",272
"(54,2,8)",273
"(34,2,4)",274
"(24,2,4)",275
"(52,2,3)",276
"(26,2,10)",277
"(15,2,2)",278
"(3,2,4)",279
"(26,2,1)",280
"(12,2,5)",281
"(56,2,2)",282
"(15,2,9)",283
"(12,2,8)",284
"(46,2,4)",285
"(29,2,3)",286
"(35,2,9)",287
"(17,2,8)",288
"(41,2,4)",289
"(18,2,1)",290
"(15,2,5)",291
"(36,2,2)",292
"(35,2,2)",293
"(15,2,1)",294
"(42,2,2)",295
"(35,2,5)",296
"(33,2,3)",297
"(13,2,2)",298
"(33,2,8)",299
"(23,2,9)",300
"(6,2,1)",301
"(7,2,7)",302
"(28,2,8)",303
"(46,2,8)",304
"(21,2,1)",305
"(34,2,9)",306
"(30,2,5)",307
"(18,2,4)",308
"(37,2,9)",309
"(27,2,5)",310
"(15,3,7)",311
"(53,3,8)",312
"(17,3,1)",313
"(55,3,9)",314
"(45,3,4)",315
"(32,3,1)",316
"(23,3,2)",317
"(16,3,7)",318
"(37,3,6)",319
"(6,3,9)",320
"(55,3,2)",321
"(19,3,4)",322
"(13,3,4)",323
"(32,3,6)",324
"(50,3,9)",325
"(41,3,5)",326
"(38,3,8)",327
"(4,3,5)",328
"(21,3,4)",329
"(19,3,1)",330
"(31,3,10)",331
"(37,3,5)",332
"(11,3,9)",333
"(25,3,8)",334
"(24,3,4)",335
"(2,3,4)",336
"(48,3,5)",337
"(47,3,8)",338
"(16,3,1)",339
"(16,3,8)",340
"(12,3,5)",341
"(37,3,8)",342
"(47,3,5)",343
"(18,3,10)",344
"(41,3,1)",345
"(30,3,3)",346
"(25,3,5)",347
"(28,3,4)",348
"(32,3,10)",349
"(32,3,8)",350
"(19,3,10)",351
"(43,3,5)",352
"(36,3,3)",353
"(19,3,7)",354
"(21,3,7)",355
"(7,3,3)",356
"(34,3,7)",357
"(45,3,5)",358
"(52,3,6)",359
"(44,3,8)",360
"(47,3,7)",361
"(52,3,5)",362
"(56,3,1)",363
"(6,3,10)",364
"(55,3,10)",365
"(47,3,1)",366
"(35,3,1)",367
"(44,3,5)",368
"(15,3,8)",369
"(29,3,3)",370
"(3,3,10)",371
"(7,3,8)",372
"(3,3,9)",373
"(38,3,7)",374
"(2,3,7)",375
"(42,3,9)",376
"(49,3,6)",377
"(22,3,1)",378
"(7,3,5)",379
"(13,3,8)",380
"(42,3,10)",381
"(8,3,10)",382
"(17,3,8)",383
"(40,3,10)",384
"(19,3,2)",385
"(41,3,4)",386
"(40,3,1)",387
"(18,3,1)",388
"(37,3,2)",389
"(30,3,1)",390
"(9,3,2)",391
"(46,3,4)",392
"(16,3,2)",393
"(9,3,8)",394
"(30,3,6)",395
"(44,3,4)",396
"(34,3,5)",397
"(18,3,2)",398
"(39,3,4)",399
"(43,3,1)",400
"(20,3,10)",401
"(37,3,3)",402
"(53,3,5)",403
"(11,3,4)",404
"(50,4,1)",405
"(23,4,8)",406
"(15,4,1)",407
"(23,4,2)",408
"(53,4,5)",409
"(3,4,1)",410
"(32,4,1)",411
"(5,4,4)",412
"(21,4,2)",413
"(38,4,1)",414
"(21,4,4)",415
"(44,4,8)",416
"(6,4,9)",417
"(54,4,7)",418
"(19,4,9)",419
"(36,4,9)",420
"(19,4,2)",421
"(11,4,4)",422
"(21,4,10)",423
"(9,4,8)",424
"(27,4,5)",425
"(37,4,7)",426
"(15,4,7)",427
"(56,4,1)",428
"(55,4,8)",429
"(35,4,7)",430
"(56,4,9)",431
"(40,4,1)",432
"(28,4,2)",433
"(42,4,9)",434
"(1,4,6)",435
"(43,4,5)",436
"(46,4,9)",437
"(17,4,1)",438
"(55,4,10)",439
"(8,4,6)",440
"(16,4,1)",441
"(49,4,6)",442
"(40,4,9)",443
"(36,4,3)",444
"(47,4,7)",445
"(7,4,5)",446
"(34,4,5)",447
"(19,4,10)",448
"(20,4,10)",449
"(18,4,10)",450
"(47,4,8)",451
"(44,4,4)",452
"(50,4,2)",453
"(32,4,9)",454
"(24,4,3)",455
"(10,4,2)",456
"(48,4,9)",457
"(13,4,7)",458
"(16,4,7)",459
"(55,4,6)",460
"(32,4,6)",461
"(49,4,3)",462
"(49,4,7)",463
"(27,4,7)",464
"(44,4,5)",465
"(42,4,5)",466
"(25,4,4)",467
"(7,4,3)",468
"(44,4,2)",469
"(39,4,4)",470
"(31,4,10)",471
"(14,4,6)",472
"(54,4,5)",473
"(1,4,3)",474
"(44,4,1)",475
"(3,4,9)",476
"(43,4,6)",477
"(19,4,5)",478
"(28,4,4)",479
"(4,4,2)",480
"(3,4,10)",481
"(56,4,10)",482
"(41,4,3)",483
"(25,4,10)",484
"(1,4,9)",485
"(37,4,5)",486
"(53,4,6)",487
"(7,4,10)",488
"(25,4,2)",489
"(21,4,7)",490
"(18,4,1)",491
"(41,4,9)",492
"(2,4,4)",493
"(11,4,1)",494
"(22,4,10)",495
"(33,4,1)",496
"(49,4,1)",497
"(19,4,7)",498
"(30,4,3)",499
"(24,4,1)",500
"(26,4,10)",501
"(28,4,1)",502
"(29,4,10)",503
"(49,4,9)",504
"(34,4,7)",505
"(22,4,1)",506
"(6,4,5)",507
"(26,4,3)",508
"(9,4,3)",509
"(24,4,8)",510
"(4,4,5)",511
"(40,4,4)",512
"(2,4,5)",513
"(25,4,6)",514
"(17,4,9)",515
"(36,4,1)",516
"(26,4,6)",517
"(36,4,5)",518
"(49,4,8)",519
"(38,4,8)",520
"(20,4,5)",521
"(43,4,1)",522
"(51,4,4)",523
"(5,4,7)",524
"(55,4,9)",525
"(13,4,8)",526
"(46,4,5)",527
"(40,4,5)",528
"(4,4,8)",529
"(33,4,6)",530
"(15,4,4)",531
"(25,4,1)",532
"(32,4,8)",533
"(9,4,2)",534
"(35,4,1)",535
"(55,4,2)",536
"(11,4,5)",537
"(39,4,7)",538
"(47,4,5)",539
"(45,4,5)",540
"(16,4,2)",541
"(30,4,1)",542
"(37,4,1)",543
"(13,4,4)",544
"(53,4,7)",545
"(11,4,9)",546
"(14,4,1)",547
"(17,4,2)",548
"(48,4,5)",549
"(53,4,8)",550
"(50,4,6)",551
"(52,4,3)",552
"(46,4,7)",553
"(6,4,1)",554
"(41,4,4)",555
"(52,4,6)",556
"(52,4,5)",557
"(12,4,5)",558
"(16,4,3)",559
"(38,4,7)",560
"(9,4,10)",561
"(4,4,6)",562
"(37,4,6)",563
"(31,4,4)",564
"(37,4,2)",565
"(44,4,9)",566
"(42,4,10)",567
"(44,4,7)",568
"(41,4,1)",569
"(20,4,1)",570
"(19,4,3)",571
"(8,4,7)",572
"(29,4,6)",573
"(8,4,9)",574
"(37,4,8)",575
"(53,4,1)",576
"(8,4,5)",577
"(32,4,5)",578
"(15,4,8)",579
"(50,4,9)",580
"(45,4,7)",581
"(12,4,9)",582
"(7,4,9)",583
"(18,4,6)",584
"(51,4,9)",585
"(51,4,1)",586
"(15,4,3)",587
"(2,4,3)",588
"(19,4,4)",589
"(29,4,9)",590
"(5,4,3)",591
"(2,4,7)",592
"(28,4,5)",593
"(50,4,7)",594
"(8,4,10)",595
"(30,4,6)",596
"(48,4,6)",597
"(55,4,3)",598
"(6,4,10)",599
"(26,4,1)",600
"(25,4,5)",601
"(45,4,4)",602
"(42,4,6)",603
"(19,4,1)",604
"(25,4,8)",605
"(24,4,4)",606
"(46,4,10)",607
"(4,4,3)",608
"(17,4,8)",609
"(31,4,9)",610
"(46,4,4)",611
"(32,4,10)",612
"(7,4,8)",613
"(9,4,5)",614
"(41,4,5)",615
"(37,4,3)",616
"(16,4,8)",617
"(16,4,5)",618
"(39,4,8)",619
"(26,4,2)",620
"(40,4,10)",621
"(29,4,3)",622
"(18,4,2)",623
"(18,4,9)",624
"(47,4,1)",625
"(22,4,5)",626
"(10,4,3)",627
"(12,4,6)",628
"(38,5,3)",629
"(33,5,7)",630
"(43,5,2)",631
"(48,5,3)",632
"(40,5,9)",633
"(6,5,4)",634
"(45,5,10)",635
"(31,5,10)",636
"(23,5,3)",637
"(26,5,8)",638
"(11,5,6)",639
"(25,5,4)",640
"(17,5,5)",641
"(23,5,7)",642
"(55,5,2)",643
"(32,5,3)",644
"(46,5,10)",645
"(20,5,3)",646
"(16,5,4)",647
"(56,5,3)",648
"(35,5,7)",649
"(13,5,10)",650
"(50,5,5)",651
"(26,5,9)",652
"(25,5,5)",653
"(13,5,8)",654
"(5,5,9)",655
"(52,5,6)",656
"(39,5,5)",657
"(43,5,4)",658
"(11,5,4)",659
"(4,5,2)",660
"(4,5,10)",661
"(4,5,6)",662
"(53,5,8)",663
"(12,5,7)",664
"(34,5,4)",665
"(36,5,7)",666
"(28,5,3)",667
"(26,5,1)",668
"(45,5,1)",669
"(43,5,3)",670
"(49,5,2)",671
"(38,5,10)",672
"(51,5,10)",673
"(46,5,3)",674
"(30,5,6)",675
"(3,5,10)",676
"(52,5,9)",677
"(47,5,3)",678
"(10,5,5)",679
"(24,5,2)",680
"(9,5,4)",681
"(9,5,3)",682
"(53,5,5)",683
"(10,5,3)",684
"(43,5,5)",685
"(54,5,9)",686
"(10,5,1)",687
"(15,5,1)",688
"(8,5,3)",689
"(32,5,1)",690
"(52,5,3)",691
"(43,5,6)",692
"(43,5,9)",693
"(1,5,10)",694
"(17,5,3)",695
"(19,5,7)",696
"(42,5,9)",697
"(3,5,9)",698
"(30,5,2)",699
"(3,5,3)",700
"(51,5,8)",701
"(15,5,10)",702
"(28,5,2)",703
"(1,5,7)",704
"(22,5,5)",705
"(24,5,8)",706
"(36,5,1)",707
"(49,5,6)",708
"(9,5,5)",709
"(52,5,8)",710
"(20,5,4)",711
"(49,5,4)",712
"(44,5,3)",713
"(29,5,2)",714
"(54,5,10)",715
"(52,5,4)",716
"(5,5,7)",717
"(43,5,8)",718
"(17,5,10)",719
"(37,5,2)",720
"(36,5,8)",721
"(25,5,6)",722
"(51,5,9)",723
"(33,5,10)",724
"(30,5,7)",725
"(23,5,5)",726
"(3,5,8)",727
"(28,5,5)",728
"(52,5,1)",729
"(29,5,9)",730
"(16,5,7)",731
"(28,5,9)",732
"(51,5,1)",733
"(40,5,5)",734
"(7,5,9)",735
"(11,5,9)",736
"(1,5,9)",737
"(27,5,3)",738
"(34,5,5)",739
"(56,5,4)",740
"(1,5,3)",741
"(24,5,7)",742
"(29,5,1)",743
"(15,5,7)",744
"(34,5,1)",745
"(21,5,4)",746
"(38,5,4)",747
"(5,5,6)",748
"(49,5,1)",749
"(34,5,8)",750
"(55,5,3)",751
"(29,5,5)",752
"(39,5,3)",753
"(2,5,9)",754
"(41,5,3)",755
"(24,5,6)",756
"(42,5,3)",757
"(55,5,4)",758
"(21,5,3)",759
"(12,5,9)",760
"(29,5,6)",761
"(41,5,6)",762
"(4,5,3)",763
"(34,5,2)",764
"(52,5,10)",765
"(27,5,2)",766
"(48,5,7)",767
"(12,5,3)",768
"(10,5,9)",769
"(12,5,2)",770
"(8,5,2)",771
"(28,5,8)",772
"(28,5,7)",773
"(17,5,6)",774
"(18,5,7)",775
"(31,5,8)",776
"(22,5,1)",777
"(8,5,1)",778
"(11,5,7)",779
"(20,5,9)",780
"(33,5,2)",781
"(45,5,6)",782
"(13,5,9)",783
"(39,5,6)",784
"(51,5,3)",785
"(21,5,2)",786
"(24,5,3)",787
"(20,5,2)",788
"(41,5,2)",789
"(14,5,4)",790
"(40,5,8)",791
"(24,5,5)",792
"(53,5,4)",793
"(51,5,7)",794
"(31,5,9)",795
"(51,5,4)",796
"(2,5,10)",797
"(33,5,5)",798
"(55,5,1)",799
"(45,5,9)",800
"(33,5,3)",801
"(40,5,1)",802
"(47,5,10)",803
"(6,5,10)",804
"(32,5,7)",805
"(19,5,8)",806
"(56,5,9)",807
"(22,5,8)",808
"(53,5,3)",809
"(47,5,4)",810
"(42,5,7)",811
"(39,5,7)",812
"(50,5,1)",813
"(15,5,2)",814
"(23,5,8)",815
"(13,5,6)",816
"(50,5,10)",817
"(1,5,2)",818
"(18,5,3)",819
"(14,5,1)",820
"(47,5,7)",821
"(5,5,2)",822
"(21,5,9)",823
"(4,5,9)",824
"(4,5,1)",825
"(11,5,2)",826
"(8,5,9)",827
"(24,5,4)",828
"(18,5,1)",829
"(42,5,5)",830
"(50,5,7)",831
"(41,5,5)",832
"(44,5,9)",833
"(6,5,1)",834
"(20,5,10)",835
"(19,5,6)",836
"(48,5,1)",837
"(23,5,1)",838
"(19,5,3)",839
"(16,5,9)",840
"(49,5,9)",841
"(30,5,4)",842
"(8,5,4)",843
"(9,5,9)",844
"(43,5,10)",845
"(52,5,7)",846
"(31,5,2)",847
"(41,5,9)",848
"(12,5,10)",849
"(9,5,7)",850
"(25,5,8)",851
"(16,5,1)",852
"(3,6,8)",853
"(35,6,7)",854
"(9,6,3)",855
"(44,6,9)",856
"(25,6,5)",857
"(43,6,2)",858
"(4,6,6)",859
"(51,6,3)",860
"(10,6,3)",861
"(32,6,7)",862
"(39,6,3)",863
"(21,6,3)",864
"(46,6,10)",865
"(16,6,7)",866
"(30,6,6)",867
"(17,6,6)",868
"(48,6,1)",869
"(1,6,10)",870
"(4,6,9)",871
"(50,6,7)",872
"(30,6,2)",873
"(15,6,7)",874
"(1,6,2)",875
"(20,6,9)",876
"(25,6,8)",877
"(2,6,9)",878
"(11,6,4)",879
"(47,6,4)",880
"(3,6,10)",881
"(1,6,9)",882
"(30,6,7)",883
"(52,6,1)",884
"(54,6,10)",885
"(19,6,3)",886
"(9,6,4)",887
"(45,6,10)",888
"(53,6,5)",889
"(51,6,10)",890
"(8,6,1)",891
"(36,6,1)",892
"(52,6,7)",893
"(13,6,10)",894
"(24,6,7)",895
"(24,6,5)",896
"(49,6,6)",897
"(42,6,5)",898
"(28,6,2)",899
"(25,6,6)",900
"(50,6,10)",901
"(41,6,2)",902
"(33,6,7)",903
"(28,6,9)",904
"(11,6,6)",905
"(41,6,5)",906
"(16,6,9)",907
"(41,6,6)",908
"(23,6,3)",909
"(6,6,10)",910
"(51,6,1)",911
"(44,6,3)",912
"(30,6,4)",913
"(13,6,9)",914
"(31,6,8)",915
"(42,6,7)",916
"(22,6,5)",917
"(29,6,6)",918
"(38,6,3)",919
"(4,6,10)",920
"(49,6,9)",921
"(31,6,9)",922
"(55,6,3)",923
"(16,6,4)",924
"(42,6,3)",925
"(27,6,3)",926
"(33,6,3)",927
"(12,6,7)",928
"(5,6,9)",929
"(23,6,8)",930
"(12,6,3)",931
"(2,6,10)",932
"(24,6,4)",933
"(24,6,2)",934
"(28,6,5)",935
"(1,7,3)",936
"(7,7,2)",937
"(25,7,2)",938
"(34,7,9)",939
"(21,7,3)",940
"(1,7,5)",941
"(46,7,9)",942
"(28,7,4)",943
"(38,7,3)",944
"(47,7,4)",945
"(31,7,8)",946
"(14,7,7)",947
"(6,7,1)",948
"(27,7,10)",949
"(53,7,3)",950
"(4,7,3)",951
"(24,7,5)",952
"(1,7,8)",953
"(4,7,9)",954
"(16,7,5)",955
"(9,7,5)",956
"(3,7,8)",957
"(7,7,1)",958
"(44,7,10)",959
"(32,7,6)",960
"(14,7,10)",961
"(19,7,10)",962
"(14,7,1)",963
"(6,7,10)",964
"(37,7,10)",965
"(7,7,9)",966
"(47,7,9)",967
"(51,7,4)",968
"(11,7,3)",969
"(45,7,3)",970
"(56,7,6)",971
"(22,7,9)",972
"(48,7,7)",973
"(10,7,3)",974
"(50,7,5)",975
"(6,7,6)",976
"(43,7,6)",977
"(40,7,6)",978
"(39,7,3)",979
"(40,7,5)",980
"(1,7,9)",981
"(5,7,4)",982
"(23,7,2)",983
"(17,7,10)",984
"(8,7,7)",985
"(29,7,7)",986
"(7,7,4)",987
"(12,7,5)",988
"(54,7,5)",989
"(34,7,4)",990
"(23,7,8)",991
"(54,7,8)",992
"(16,7,6)",993
"(28,7,10)",994
"(14,7,4)",995
"(3,7,9)",996
"(51,7,1)",997
"(41,7,4)",998
"(53,7,7)",999
"(26,7,4)",1000
"(49,7,8)",1001
"(26,7,6)",1002
"(28,7,5)",1003
"(38,7,6)",1004
"(13,7,2)",1005
"(4,7,1)",1006
"(34,7,6)",1007
"(38,7,2)",1008
"(25,7,4)",1009
"(33,7,8)",1010
"(36,7,8)",1011
"(2,7,2)",1012
"(36,7,4)",1013
"(47,7,10)",1014
"(43,7,2)",1015
"(49,7,2)",1016
"(7,7,5)",1017
"(42,7,2)",1018
"(26,7,1)",1019
"(5,8,4)",1020
"(39,8,3)",1021
"(38,8,2)",1022
"(31,8,5)",1023
"(35,8,9)",1024
"(2,8,10)",1025
"(44,8,10)",1026
"(23,8,2)",1027
"(20,8,5)",1028
"(46,8,2)",1029
"(1,8,8)",1030
"(7,8,5)",1031
"(4,8,1)",1032
"(40,8,5)",1033
"(47,8,4)",1034
"(8,8,5)",1035
"(40,8,8)",1036
"(20,8,2)",1037
"(9,8,5)",1038
"(30,8,8)",1039
"(42,8,2)",1040
"(36,8,4)",1041
"(47,8,1)",1042
"(53,8,4)",1043
"(10,8,4)",1044
"(4,8,7)",1045
"(31,8,7)",1046
"(17,8,9)",1047
"(22,8,2)",1048
"(24,8,6)",1049
"(3,8,8)",1050
"(39,8,9)",1051
"(7,8,7)",1052
"(6,8,4)",1053
"(31,8,3)",1054
"(50,8,10)",1055
"(46,8,10)",1056
"(21,8,9)",1057
"(38,8,10)",1058
"(41,8,4)",1059
"(17,8,5)",1060
"(38,8,4)",1061
"(45,8,3)",1062
"(31,8,9)",1063
"(27,8,5)",1064
"(25,8,6)",1065
"(53,8,7)",1066
"(49,8,5)",1067
"(1,8,7)",1068
"(16,8,7)",1069
"(24,8,8)",1070
"(11,8,3)",1071
"(21,8,3)",1072
"(49,8,2)",1073
"(3,8,4)",1074
"(1,8,3)",1075
"(8,8,4)",1076
"(56,8,6)",1077
"(46,8,3)",1078
"(54,8,5)",1079
"(50,8,3)",1080
"(2,8,2)",1081
"(1,8,2)",1082
"(24,8,5)",1083
"(54,8,7)",1084
"(56,8,4)",1085
"(45,8,6)",1086
"(25,8,8)",1087
"(13,8,9)",1088
"(4,8,6)",1089
"(32,8,9)",1090
"(20,8,8)",1091
"(19,8,2)",1092
"(53,8,3)",1093
"(14,8,4)",1094
"(8,8,7)",1095
"(28,8,3)",1096
"(50,8,9)",1097
"(14,8,9)",1098
"(51,8,1)",1099
"(19,8,10)",1100
"(23,8,8)",1101
"(3,8,9)",1102
"(13,8,4)",1103
"(53,8,6)",1104
"(47,8,7)",1105
"(24,8,10)",1106
"(29,8,7)",1107
"(47,8,2)",1108
"(35,8,5)",1109
"(41,8,1)",1110
"(48,8,2)",1111
"(3,8,7)",1112
"(22,8,8)",1113
"(18,8,5)",1114
"(48,8,7)",1115
"(33,8,1)",1116
"(47,8,9)",1117
"(21,8,8)",1118
"(10,8,3)",1119
"(43,8,1)",1120
"(42,8,3)",1121
"(19,8,9)",1122
"(48,8,1)",1123
"(35,8,8)",1124
"(38,8,3)",1125
"(45,8,7)",1126
"(5,8,3)",1127
"(28,8,10)",1128
"(37,8,10)",1129
"(28,8,5)",1130
"(14,8,7)",1131
"(1,8,5)",1132
"(20,8,9)",1133
"(40,8,6)",1134
"(28,8,2)",1135
"(49,8,8)",1136
"(14,8,1)",1137
"(36,8,7)",1138
"(14,8,10)",1139
"(31,8,8)",1140
"(4,8,9)",1141
"(11,8,10)",1142
"(17,8,7)",1143
"(52,8,2)",1144
"(13,8,1)",1145
"(33,8,8)",1146
"(25,8,1)",1147
"(2,8,7)",1148
"(2,8,8)",1149
"(8,8,9)",1150
"(32,8,6)",1151
"(52,8,8)",1152
"(20,8,4)",1153
"(11,8,4)",1154
"(26,8,1)",1155
"(6,8,1)",1156
"(54,8,8)",1157
"(17,8,6)",1158
"(22,8,5)",1159
"(9,8,9)",1160
"(6,8,9)",1161
"(39,8,8)",1162
"(13,8,2)",1163
"(18,8,8)",1164
"(54,8,6)",1165
"(26,8,7)",1166
"(25,8,7)",1167
"(17,8,10)",1168
"(12,8,5)",1169
"(12,8,6)",1170
"(50,8,8)",1171
"(16,8,6)",1172
"(30,8,9)",1173
"(42,8,6)",1174
"(42,8,10)",1175
"(6,8,5)",1176
"(10,8,2)",1177
"(7,8,4)",1178
"(42,8,9)",1179
"(24,8,4)",1180
"(53,8,8)",1181
"(26,8,10)",1182
"(21,8,5)",1183
"(16,8,5)",1184
"(13,8,10)",1185
"(40,8,2)",1186
"(6,8,8)",1187
"(7,8,2)",1188
"(8,8,10)",1189
"(50,8,5)",1190
"(51,8,4)",1191
"(44,8,8)",1192
"(51,8,7)",1193
"(26,8,6)",1194
"(1,8,9)",1195
"(25,8,2)",1196
"(32,8,3)",1197
"(6,8,10)",1198
"(36,8,8)",1199
"(30,8,4)",1200
"(16,8,9)",1201
"(34,8,9)",1202
"(47,8,10)",1203
"(43,8,2)",1204
"(29,8,4)",1205
"(26,8,4)",1206
"(32,8,1)",1207
"(47,8,6)",1208
"(29,8,9)",1209
"(45,8,2)",1210
"(7,8,9)",1211
"(21,8,1)",1212
"(19,8,3)",1213
"(18,8,7)",1214
"(28,8,4)",1215
"(36,8,9)",1216
"(41,8,3)",1217
"(6,8,6)",1218
"(8,8,6)",1219
"(25,8,4)",1220
"(49,8,3)",1221
"(52,8,1)",1222
"(56,8,1)",1223
"(32,8,10)",1224
"(8,8,1)",1225
"(27,8,10)",1226
"(7,8,1)",1227
"(55,8,8)",1228
"(3,8,2)",1229
"(34,8,6)",1230
"(49,8,4)",1231
"(50,8,4)",1232
"(56,8,2)",1233
"(46,8,9)",1234
"(18,8,3)",1235
"(43,8,6)",1236
"(22,8,9)",1237
"(37,8,6)",1238
"(34,8,4)",1239
"(56,8,5)",1240
"(4,8,3)",1241
"(38,8,6)",1242
"(28,8,1)",1243
"(37,9,1)",1244
"(25,9,2)",1245
"(43,9,7)",1246
"(25,9,6)",1247
"(40,9,10)",1248
"(27,9,2)",1249
"(41,9,3)",1250
"(13,9,1)",1251
"(26,9,3)",1252
"(53,9,1)",1253
"(6,9,3)",1254
"(44,9,4)",1255
"(23,9,9)",1256
"(2,9,2)",1257
"(30,9,2)",1258
"(27,9,3)",1259
"(45,9,2)",1260
"(48,9,7)",1261
"(32,9,3)",1262
"(6,9,9)",1263
"(33,9,9)",1264
"(16,9,8)",1265
"(32,9,7)",1266
"(36,9,7)",1267
"(47,9,10)",1268
"(10,9,8)",1269
"(40,9,2)",1270
"(5,9,1)",1271
"(27,9,9)",1272
"(10,9,1)",1273
"(19,9,4)",1274
"(43,9,4)",1275
"(17,9,6)",1276
"(7,9,2)",1277
"(52,9,3)",1278
"(42,9,5)",1279
"(18,9,6)",1280
"(14,9,3)",1281
"(3,9,9)",1282
"(45,9,5)",1283
"(6,9,7)",1284
"(37,9,6)",1285
"(37,9,10)",1286
"(4,9,8)",1287
"(11,9,2)",1288
"(42,9,1)",1289
"(32,9,10)",1290
"(50,9,6)",1291
"(49,9,5)",1292
"(48,9,8)",1293
"(55,9,10)",1294
"(11,9,5)",1295
"(17,9,4)",1296
"(44,9,9)",1297
"(53,9,4)",1298
"(11,9,4)",1299
"(26,9,10)",1300
"(45,9,8)",1301
"(15,9,2)",1302
"(33,9,6)",1303
"(33,9,2)",1304
"(22,9,5)",1305
"(9,9,2)",1306
"(56,9,3)",1307
"(21,9,10)",1308
"(11,9,9)",1309
"(7,9,10)",1310
"(47,9,5)",1311
"(47,9,4)",1312
"(24,9,7)",1313
"(30,9,5)",1314
"(17,9,8)",1315
"(29,9,5)",1316
"(13,9,5)",1317
"(49,9,3)",1318
"(38,9,5)",1319
"(5,9,10)",1320
"(31,9,3)",1321
"(32,9,5)",1322
"(30,9,8)",1323
"(4,9,6)",1324
"(56,9,5)",1325
"(9,9,7)",1326
"(40,9,5)",1327
"(26,9,7)",1328
"(53,9,5)",1329
"(46,9,1)",1330
"(17,9,9)",1331
"(19,9,7)",1332
"(38,9,8)",1333
"(20,9,6)",1334
"(54,9,6)",1335
"(32,9,4)",1336
"(8,9,2)",1337
"(28,9,8)",1338
"(20,9,3)",1339
"(8,9,4)",1340
"(24,9,2)",1341
"(42,9,10)",1342
"(45,9,4)",1343
"(56,9,9)",1344
"(32,9,6)",1345
"(24,9,1)",1346
"(1,9,9)",1347
"(21,9,6)",1348
"(51,9,4)",1349
"(39,9,3)",1350
"(43,9,3)",1351
"(42,9,2)",1352
"(22,9,10)",1353
"(31,9,10)",1354
"(4,9,1)",1355
"(28,9,7)",1356
"(41,9,5)",1357
"(15,9,1)",1358
"(42,9,3)",1359
"(18,9,9)",1360
"(21,9,8)",1361
"(54,9,8)",1362
"(28,9,4)",1363
"(46,9,2)",1364
"(46,9,9)",1365
"(11,9,10)",1366
"(4,9,3)",1367
"(44,9,8)",1368
"(7,9,6)",1369
"(9,9,9)",1370
"(24,9,4)",1371
"(54,9,7)",1372
"(19,9,8)",1373
"(14,9,9)",1374
"(35,9,3)",1375
"(39,9,7)",1376
"(11,9,1)",1377
"(48,9,3)",1378
"(43,9,10)",1379
"(31,9,2)",1380
"(16,9,3)",1381
"(5,9,7)",1382
"(14,9,8)",1383
"(12,9,7)",1384
"(32,9,8)",1385
"(18,9,2)",1386
"(12,9,3)",1387
"(26,9,5)",1388
"(50,9,7)",1389
"(4,9,10)",1390
"(38,9,1)",1391
"(3,9,2)",1392
"(35,9,6)",1393
"(29,9,10)",1394
"(27,9,5)",1395
"(35,9,2)",1396
"(56,9,2)",1397
"(8,9,1)",1398
"(38,9,4)",1399
"(55,9,2)",1400
"(20,9,5)",1401
"(50,9,3)",1402
"(36,9,6)",1403
"(20,9,4)",1404
"(51,9,3)",1405
"(40,9,8)",1406
"(18,9,10)",1407
"(51,9,5)",1408
"(47,9,8)",1409
"(25,9,1)",1410
"(39,9,9)",1411
"(36,9,8)",1412
"(43,9,6)",1413
"(12,9,6)",1414
"(44,9,10)",1415
"(31,9,6)",1416
"(22,9,6)",1417
"(56,9,8)",1418
"(34,9,9)",1419
"(54,9,1)",1420
"(13,9,7)",1421
"(54,9,10)",1422
"(29,9,9)",1423
"(38,9,6)",1424
"(45,9,7)",1425
"(49,9,7)",1426
"(47,9,7)",1427
"(6,9,2)",1428
"(1,9,5)",1429
"(12,9,1)",1430
"(35,9,1)",1431
"(55,9,3)",1432
"(6,9,8)",1433
"(45,9,10)",1434
"(33,9,5)",1435
"(8,9,6)",1436
"(2,9,6)",1437
"(34,9,10)",1438
"(7,9,7)",1439
"(21,9,9)",1440
"(18,9,4)",1441
"(10,9,4)",1442
"(39,9,6)",1443
"(48,9,10)",1444
"(42,9,9)",1445
"(2,9,1)",1446
"(46,9,6)",1447
"(38,9,9)",1448
"(37,9,9)",1449
"(39,9,8)",1450
"(27,9,7)",1451
"(45,9,6)",1452
"(50,9,2)",1453
"(34,9,8)",1454
"(46,9,4)",1455
"(49,9,4)",1456
"(42,9,6)",1457
"(53,9,6)",1458
"(53,9,10)",1459
"(6,9,10)",1460
"(9,9,10)",1461
"(6,9,6)",1462
"(39,9,4)",1463
"(38,9,3)",1464
"(15,9,9)",1465
"(4,9,4)",1466
"(37,9,7)",1467
"(6,10,10)",1468
"(50,10,2)",1469
"(49,10,7)",1470
"(14,10,8)",1471
"(53,10,6)",1472
"(12,10,3)",1473
"(47,10,5)",1474
"(6,10,8)",1475
"(15,10,1)",1476
"(37,10,9)",1477
"(22,10,10)",1478
"(30,10,2)",1479
"(3,10,9)",1480
"(12,10,6)",1481
"(42,10,5)",1482
"(43,10,4)",1483
"(7,10,10)",1484
"(54,10,1)",1485
"(22,10,5)",1486
"(34,10,8)",1487
"(7,10,6)",1488
"(21,10,10)",1489
"(49,10,5)",1490
"(50,10,3)",1491
"(49,10,3)",1492
"(28,10,8)",1493
"(45,10,10)",1494
"(46,10,6)",1495
"(53,10,4)",1496
"(10,10,8)",1497
"(36,10,8)",1498
"(32,10,4)",1499
"(17,10,8)",1500
"(18,10,2)",1501
"(44,10,9)",1502
"(27,10,9)",1503
"(18,10,6)",1504
"(33,10,9)",1505
"(32,10,10)",1506
"(9,10,10)",1507
"(28,10,7)",1508
"(4,10,4)",1509
"(39,10,9)",1510
"(34,10,10)",1511
"(44,10,8)",1512
"(39,10,3)",1513
"(39,10,7)",1514
"(28,10,4)",1515
"(37,10,10)",1516
"(32,10,8)",1517
"(37,10,1)",1518
"(9,10,9)",1519
"(17,10,6)",1520
"(38,10,4)",1521
"(35,10,2)",1522
"(30,10,5)",1523
"(29,10,9)",1524
"(36,10,6)",1525
"(56,10,2)",1526
"(20,10,5)",1527
"(20,10,4)",1528
"(18,10,9)",1529
"(31,10,2)",1530
"(26,10,10)",1531
"(38,10,9)",1532
"(7,10,7)",1533
"(18,10,4)",1534
"(17,10,4)",1535
"(31,10,6)",1536
"(56,10,8)",1537
"(53,10,10)",1538
"(51,10,3)",1539
"(24,10,7)",1540
"(8,10,6)",1541
"(48,10,10)",1542
"(6,10,6)",1543
"(37,10,7)",1544
"(34,10,9)",1545
"(22,10,6)",1546
"(43,10,10)",1547
"(43,10,3)",1548
"(4,10,8)",1549
"(1,10,5)",1550
"(8,10,1)",1551
"(44,10,10)",1552
"(33,10,5)",1553
"(51,10,4)",1554
"(38,10,8)",1555
"(18,10,10)",1556
"(27,10,3)",1557
"(46,10,1)",1558
"(21,10,8)",1559
"(24,10,4)",1560
"(40,10,2)",1561
"(37,10,6)",1562
"(50,10,6)",1563
"(7,11,10)",1564
"(13,11,7)",1565
"(41,11,7)",1566
"(6,11,8)",1567
"(46,11,5)",1568
"(48,11,3)",1569
"(24,11,4)",1570
"(21,11,8)",1571
"(15,11,7)",1572
"(32,11,7)",1573
"(55,11,7)",1574
"(19,11,7)",1575
"(28,11,8)",1576
"(12,11,4)",1577
"(21,11,5)",1578
"(30,11,9)",1579
"(4,11,3)",1580
"(32,11,1)",1581
"(19,11,4)",1582
"(48,11,5)",1583
"(29,11,1)",1584
"(39,11,3)",1585
"(33,11,4)",1586
"(35,11,3)",1587
"(5,11,5)",1588
"(30,11,7)",1589
"(37,11,1)",1590
"(6,11,3)",1591
"(45,11,4)",1592
"(14,11,2)",1593
"(55,11,6)",1594
"(36,11,9)",1595
"(26,11,6)",1596
"(42,11,7)",1597
"(4,11,4)",1598
"(5,11,10)",1599
"(39,11,6)",1600
"(49,11,4)",1601
"(13,11,10)",1602
"(6,11,2)",1603
"(54,11,1)",1604
"(37,11,5)",1605
"(29,11,8)",1606
"(9,11,3)",1607
"(4,11,5)",1608
"(29,11,4)",1609
"(25,11,6)",1610
"(52,11,2)",1611
"(32,11,10)",1612
"(44,11,5)",1613
"(23,11,3)",1614
"(44,11,8)",1615
"(7,11,4)",1616
"(15,11,1)",1617
"(4,11,7)",1618
"(32,11,5)",1619
"(56,11,9)",1620
"(6,11,6)",1621
"(38,11,3)",1622
"(18,11,7)",1623
"(47,11,2)",1624
"(24,11,2)",1625
"(31,11,10)",1626
"(40,11,4)",1627
"(19,11,10)",1628
"(2,11,8)",1629
"(20,11,10)",1630
"(29,11,6)",1631
"(33,11,1)",1632
"(10,11,6)",1633
"(3,11,3)",1634
"(43,11,1)",1635
"(14,11,4)",1636
"(42,11,4)",1637
"(54,11,9)",1638
"(52,11,5)",1639
"(31,11,7)",1640
"(55,11,10)",1641
"(29,11,3)",1642
"(44,11,7)",1643
"(55,11,5)",1644
"(46,11,8)",1645
"(55,11,4)",1646
"(46,11,6)",1647
"(20,11,5)",1648
"(50,11,1)",1649
"(9,11,6)",1650
"(49,11,6)",1651
"(31,11,4)",1652
"(36,11,1)",1653
"(15,11,9)",1654
"(22,11,1)",1655
"(38,11,5)",1656
"(23,11,5)",1657
"(30,12,8)",1658
"(19,12,10)",1659
"(53,12,5)",1660
"(21,12,2)",1661
"(30,12,7)",1662
"(10,12,6)",1663
"(32,12,3)",1664
"(27,12,7)",1665
"(35,12,3)",1666
"(18,12,7)",1667
"(52,12,5)",1668
"(49,12,8)",1669
"(14,12,2)",1670
"(3,12,10)",1671
"(8,12,5)",1672
"(39,12,9)",1673
"(17,12,2)",1674
"(22,12,3)",1675
"(30,12,9)",1676
"(45,12,4)",1677
"(38,12,3)",1678
"(4,12,1)",1679
"(42,12,2)",1680
"(51,12,7)",1681
"(6,12,2)",1682
"(49,12,9)",1683
"(29,12,7)",1684
"(7,12,7)",1685
"(35,12,8)",1686
"(5,12,2)",1687
"(6,12,6)",1688
"(31,12,7)",1689
"(34,12,6)",1690
"(20,12,10)",1691
"(54,12,6)",1692
"(32,12,6)",1693
"(41,12,7)",1694
"(21,12,8)",1695
"(7,12,6)",1696
"(41,12,9)",1697
"(19,12,4)",1698
"(45,12,10)",1699
"(17,12,6)",1700
"(53,12,3)",1701
"(2,12,6)",1702
"(32,12,2)",1703
"(37,12,1)",1704
"(31,12,10)",1705
"(35,12,4)",1706
"(54,12,9)",1707
"(29,12,6)",1708
"(31,12,4)",1709
"(52,12,9)",1710
"(9,12,5)",1711
"(1,12,4)",1712
"(15,12,7)",1713
"(21,12,4)",1714
"(20,12,5)",1715
"(35,12,10)",1716
"(39,12,3)",1717
"(7,12,10)",1718
"(47,12,7)",1719
"(50,12,4)",1720
"(54,12,7)",1721
"(32,12,10)",1722
"(37,12,8)",1723
"(12,12,10)",1724
"(4,12,5)",1725
"(3,12,3)",1726
"(52,12,8)",1727
"(48,12,5)",1728
"(23,12,5)",1729
"(18,12,9)",1730
"(56,12,9)",1731
"(5,12,5)",1732
"(32,12,9)",1733
"(47,12,2)",1734
"(54,12,5)",1735
"(44,12,8)",1736
"(7,12,4)",1737
"(9,12,3)",1738
"(28,12,2)",1739
"(29,12,1)",1740
"(12,12,5)",1741
"(2,12,9)",1742
"(33,12,4)",1743
"(25,12,6)",1744
"(2,12,4)",1745
"(48,12,3)",1746
"(22,12,1)",1747
"(38,12,4)",1748
"(55,12,10)",1749
"(31,12,5)",1750
"(32,12,7)",1751
"(51,12,4)",1752
"(9,12,1)",1753
"(12,12,4)",1754
"(17,12,5)",1755
"(47,12,6)",1756
"(38,12,9)",1757
"(55,12,1)",1758
"(30,12,10)",1759
"(55,12,6)",1760
"(42,12,4)",1761
"(47,12,3)",1762
"(5,12,3)",1763
"(44,12,5)",1764
"(20,12,4)",1765
"(55,12,7)",1766
"(2,12,2)",1767
"(19,12,9)",1768
"(49,12,4)",1769
"(15,12,8)",1770
"(28,12,9)",1771
"(39,12,8)",1772
"(48,12,2)",1773
"(23,12,10)",1774
"(37,12,5)",1775
"(8,12,9)",1776
"(40,12,4)",1777
"(1,12,8)",1778
"(13,12,10)",1779
"(6,12,8)",1780
"(30,12,4)",1781
"(15,12,9)",1782
"(49,12,10)",1783
"(43,12,1)",1784
"(33,12,1)",1785
"(34,12,3)",1786
"(6,12,3)",1787
"(41,12,5)",1788
"(2,12,8)",1789
"(15,12,1)",1790
"(11,12,1)",1791
"(21,12,1)",1792
"(38,12,10)",1793
"(52,12,2)",1794
"(2,12,1)",1795
"(14,12,4)",1796
"(45,12,9)",1797
"(9,12,6)",1798
"(40,12,3)",1799
"(13,12,4)",1800
"(24,12,4)",1801
"(20,12,3)",1802
"(26,12,7)",1803
"(55,12,4)",1804
"(53,12,9)",1805
"(43,12,6)",1806
"(27,12,9)",1807
"(7,12,8)",1808
"(35,12,2)",1809
"(51,12,5)",1810
"(36,12,1)",1811
"(29,12,5)",1812
"(44,12,7)",1813
"(2,12,10)",1814
"(19,12,3)",1815
"(23,12,3)",1816
"(50,12,1)",1817
"(46,12,8)",1818
"(54,12,1)",1819
"(16,12,2)",1820
"(51,12,2)",1821
"(5,12,9)",1822
"(45,12,3)",1823
"(29,12,4)",1824
"(8,12,7)",1825
"(19,12,7)",1826
"(15,12,6)",1827
"(8,12,4)",1828
"(24,12,3)",1829
"(21,12,5)",1830
"(22,12,5)",1831
"(8,12,10)",1832
"(44,12,2)",1833
"(30,12,2)",1834
"(10,12,1)",1835
"(24,12,2)",1836
"(19,12,1)",1837
"(20,12,2)",1838
"(37,12,7)",1839
"(20,12,1)",1840
"(41,12,3)",1841
"(28,12,10)",1842
"(17,12,1)",1843
"(1,12,9)",1844
"(32,12,5)",1845
"(5,12,10)",1846
"(4,12,3)",1847
"(29,12,8)",1848
"(17,12,3)",1849
"(15,12,4)",1850
"(55,12,5)",1851
"(47,12,5)",1852
"(38,12,7)",1853
"(46,12,1)",1854
"(49,12,6)",1855
"(55,12,2)",1856
"(29,12,3)",1857
"(42,12,7)",1858
"(20,12,7)",1859
"(14,12,9)",1860
"(49,12,5)",1861
"(39,12,6)",1862
"(7,12,9)",1863
"(33,12,5)",1864
"(46,12,7)",1865
"(5,12,8)",1866
"(26,12,6)",1867
"(27,12,1)",1868
"(32,12,1)",1869
"(40,12,8)",1870
"(13,12,7)",1871
"(4,12,7)",1872
"(3,12,2)",1873
"(36,12,9)",1874
"(29,12,9)",1875
"(4,12,4)",1876
"(46,12,6)",1877
"(38,12,5)",1878
"(28,12,8)",1879
"(39,12,2)",1880
"(46,12,5)",1881
"(34,13,10)",1882
"(17,13,6)",1883
"(21,13,9)",1884
"(4,13,6)",1885
"(45,13,10)",1886
"(27,13,3)",1887
"(16,13,4)",1888
"(10,13,4)",1889
"(55,13,9)",1890
"(28,13,4)",1891
"(15,13,7)",1892
"(22,13,8)",1893
"(21,13,10)",1894
"(44,13,9)",1895
"(56,13,10)",1896
"(20,13,8)",1897
"(55,13,2)",1898
"(21,13,4)",1899
"(30,13,4)",1900
"(24,13,6)",1901
"(25,13,8)",1902
"(11,13,10)",1903
"(35,13,3)",1904
"(39,13,7)",1905
"(14,13,8)",1906
"(24,13,3)",1907
"(46,13,5)",1908
"(32,13,5)",1909
"(13,13,5)",1910
"(4,13,8)",1911
"(14,13,1)",1912
"(12,13,5)",1913
"(1,13,8)",1914
"(51,13,10)",1915
"(29,13,5)",1916
"(12,13,6)",1917
"(34,13,2)",1918
"(12,13,3)",1919
"(33,13,5)",1920
"(43,13,2)",1921
"(52,13,5)",1922
"(14,13,3)",1923
"(11,13,7)",1924
"(9,13,3)",1925
"(13,13,6)",1926
"(2,13,8)",1927
"(47,13,6)",1928
"(32,13,4)",1929
"(14,13,6)",1930
"(10,13,6)",1931
"(12,13,2)",1932
"(40,13,9)",1933
"(34,13,6)",1934
"(27,13,9)",1935
"(44,13,7)",1936
"(28,13,1)",1937
"(29,13,9)",1938
"(28,13,7)",1939
"(46,13,2)",1940
"(6,13,4)",1941
"(7,13,7)",1942
"(32,13,7)",1943
"(35,13,7)",1944
"(39,13,4)",1945
"(6,13,8)",1946
"(1,13,5)",1947
"(27,13,4)",1948
"(43,13,4)",1949
"(42,13,1)",1950
"(37,13,10)",1951
"(49,13,3)",1952
"(4,13,2)",1953
"(15,13,9)",1954
"(20,13,4)",1955
"(35,13,9)",1956
"(18,13,3)",1957
"(10,13,9)",1958
"(19,13,5)",1959
"(56,13,3)",1960
"(42,13,3)",1961
"(15,13,6)",1962
"(40,13,4)",1963
"(14,13,2)",1964
"(41,13,2)",1965
"(18,13,4)",1966
"(46,13,10)",1967
"(20,13,10)",1968
"(43,13,8)",1969
"(53,13,6)",1970
"(30,13,2)",1971
"(17,13,9)",1972
"(8,13,2)",1973
"(48,13,5)",1974
"(51,13,2)",1975
"(5,13,8)",1976
"(17,13,4)",1977
"(18,13,7)",1978
"(39,13,3)",1979
"(42,13,10)",1980
"(50,13,10)",1981
"(12,13,10)",1982
"(10,13,2)",1983
"(41,13,4)",1984
"(50,13,4)",1985
"(23,13,7)",1986
"(36,13,1)",1987
"(17,13,8)",1988
"(53,13,4)",1989
"(55,13,10)",1990
"(14,13,9)",1991
"(21,13,2)",1992
"(24,13,2)",1993
"(30,13,6)",1994
"(5,13,6)",1995
"(31,13,4)",1996
"(26,13,5)",1997
"(5,13,10)",1998
"(25,13,6)",1999
"(32,13,6)",2000
"(7,13,6)",2001
"(47,13,7)",2002
"(49,13,6)",2003
"(3,13,3)",2004
"(38,13,6)",2005
"(27,13,5)",2006
"(48,13,9)",2007
"(55,13,7)",2008
"(7,13,8)",2009
"(51,13,3)",2010
"(16,13,8)",2011
"(4,13,10)",2012
"(28,13,9)",2013
"(37,13,2)",2014
"(21,13,5)",2015
"(21,13,1)",2016
"(29,13,4)",2017
"(17,13,5)",2018
"(17,13,1)",2019
"(20,13,1)",2020
"(4,13,1)",2021
"(5,13,9)",2022
"(9,13,9)",2023
"(40,13,10)",2024
"(42,13,2)",2025
"(25,13,5)",2026
"(46,13,9)",2027
"(55,13,8)",2028
"(18,13,9)",2029
"(44,13,6)",2030
"(42,13,9)",2031
"(37,13,3)",2032
"(38,13,4)",2033
"(33,13,2)",2034
"(51,13,7)",2035
"(22,13,4)",2036
"(53,13,9)",2037
"(42,13,4)",2038
"(44,13,2)",2039
"(54,13,8)",2040
"(49,13,5)",2041
"(34,13,7)",2042
"(36,13,4)",2043
"(1,13,3)",2044
"(7,13,2)",2045
"(1,13,4)",2046
"(29,13,7)",2047
"(10,13,3)",2048
"(22,13,9)",2049
"(6,13,3)",2050
"(30,13,7)",2051
"(52,13,9)",2052
"(38,13,5)",2053
"(31,13,5)",2054
"(1,13,1)",2055
"(22,13,7)",2056
"(31,13,7)",2057
"(6,13,6)",2058
"(48,13,8)",2059
"(25,13,10)",2060
"(30,13,1)",2061
"(43,13,6)",2062
"(38,13,1)",2063
"(40,13,7)",2064
"(24,13,4)",2065
"(16,13,1)",2066
"(11,13,9)",2067
"(45,13,9)",2068
"(2,13,10)",2069
"(33,13,4)",2070
"(8,13,5)",2071
"(7,13,9)",2072
"(19,13,4)",2073
"(3,13,9)",2074
"(44,13,8)",2075
"(38,13,9)",2076
"(18,13,8)",2077
"(8,13,9)",2078
"(2,13,6)",2079
"(5,13,1)",2080
"(54,13,3)",2081
"(41,13,10)",2082
"(55,13,3)",2083
"(50,13,2)",2084
"(20,13,7)",2085
"(45,13,4)",2086
"(49,13,9)",2087
"(48,13,10)",2088
"(15,13,3)",2089
"(4,13,9)",2090
"(11,13,5)",2091
"(13,13,4)",2092
"(5,13,3)",2093
"(44,13,4)",2094
"(44,13,1)",2095
"(35,13,6)",2096
"(51,13,8)",2097
"(1,13,9)",2098
"(36,13,5)",2099
"(29,13,1)",2100
"(54,13,7)",2101
"(48,13,7)",2102
"(44,13,10)",2103
"(49,13,4)",2104
"(3,13,7)",2105
"(4,14,2)",2106
"(31,14,7)",2107
"(20,14,10)",2108
"(24,14,4)",2109
"(46,14,2)",2110
"(3,14,3)",2111
"(21,14,4)",2112
"(25,14,8)",2113
"(7,14,2)",2114
"(10,14,6)",2115
"(15,14,3)",2116
"(16,14,8)",2117
"(5,14,8)",2118
"(22,14,9)",2119
"(49,14,3)",2120
"(28,14,4)",2121
"(7,14,9)",2122
"(1,14,8)",2123
"(20,14,4)",2124
"(35,14,7)",2125
"(12,14,2)",2126
"(5,14,1)",2127
"(10,14,3)",2128
"(14,14,6)",2129
"(51,14,3)",2130
"(45,14,9)",2131
"(12,14,5)",2132
"(30,14,1)",2133
"(56,14,3)",2134
"(42,14,4)",2135
"(31,14,4)",2136
"(37,14,3)",2137
"(12,14,3)",2138
"(20,14,7)",2139
"(43,14,4)",2140
"(17,14,4)",2141
"(18,14,8)",2142
"(55,14,9)",2143
"(14,14,2)",2144
"(51,14,10)",2145
"(27,14,3)",2146
"(13,14,5)",2147
"(6,14,4)",2148
"(30,14,7)",2149
"(17,14,5)",2150
"(33,14,2)",2151
"(39,14,7)",2152
"(22,14,7)",2153
"(38,14,6)",2154
"(15,14,7)",2155
"(1,14,4)",2156
"(47,14,6)",2157
"(9,14,9)",2158
"(18,14,9)",2159
"(40,14,10)",2160
"(18,14,4)",2161
"(38,14,5)",2162
"(49,14,9)",2163
"(1,14,1)",2164
"(33,14,4)",2165
"(56,14,10)",2166
"(49,14,4)",2167
"(25,14,5)",2168
"(8,14,2)",2169
"(4,14,1)",2170
"(8,14,5)",2171
"(54,14,7)",2172
"(17,14,9)",2173
"(23,14,7)",2174
"(11,14,9)",2175
"(6,14,8)",2176
"(41,14,10)",2177
"(36,14,5)",2178
"(28,14,9)",2179
"(13,14,6)",2180
"(48,14,9)",2181
"(7,14,8)",2182
"(16,14,4)",2183
"(9,14,3)",2184
"(51,14,2)",2185
"(52,14,5)",2186
"(53,14,4)",2187
"(7,14,6)",2188
"(36,14,1)",2189
"(15,14,6)",2190
"(48,14,5)",2191
"(11,14,5)",2192
"(45,14,10)",2193
"(25,14,10)",2194
"(43,14,8)",2195
"(34,14,6)",2196
"(28,14,7)",2197
"(35,14,9)",2198
"(55,14,2)",2199
"(22,14,4)",2200
"(29,14,7)",2201
"(16,15,4)",2202
"(7,15,6)",2203
"(10,15,1)",2204
"(39,15,10)",2205
"(11,15,7)",2206
"(20,15,4)",2207
"(4,15,5)",2208
"(6,15,7)",2209
"(40,15,1)",2210
"(20,15,7)",2211
"(3,15,8)",2212
"(25,15,1)",2213
"(42,15,3)",2214
"(32,15,8)",2215
"(35,15,3)",2216
"(9,15,8)",2217
"(24,15,10)",2218
"(47,15,5)",2219
"(51,15,10)",2220
"(40,15,3)",2221
"(50,15,9)",2222
"(37,15,9)",2223
"(3,15,9)",2224
"(4,15,7)",2225
"(12,15,6)",2226
"(13,15,10)",2227
"(15,15,5)",2228
"(30,15,10)",2229
"(16,15,10)",2230
"(14,15,9)",2231
"(14,15,3)",2232
"(41,15,2)",2233
"(39,15,2)",2234
"(6,15,1)",2235
"(15,15,4)",2236
"(11,15,1)",2237
"(19,15,4)",2238
"(29,15,2)",2239
"(28,15,3)",2240
"(11,15,4)",2241
"(19,15,6)",2242
"(34,15,6)",2243
"(45,15,8)",2244
"(17,15,1)",2245
"(22,15,5)",2246
"(39,15,4)",2247
"(56,15,10)",2248
"(18,15,6)",2249
"(14,15,5)",2250
"(20,15,5)",2251
"(2,15,5)",2252
"(23,15,9)",2253
"(7,15,10)",2254
"(13,15,4)",2255
"(36,15,3)",2256
"(4,15,1)",2257
"(7,15,8)",2258
"(43,15,1)",2259
"(51,15,3)",2260
"(45,15,4)",2261
"(52,15,10)",2262
"(18,15,10)",2263
"(55,15,2)",2264
"(50,15,2)",2265
"(34,15,3)",2266
"(40,15,5)",2267
"(9,15,9)",2268
"(49,15,4)",2269
"(14,15,1)",2270
"(49,15,7)",2271
"(20,15,2)",2272
"(15,15,9)",2273
"(27,15,1)",2274
"(31,15,2)",2275
"(12,15,5)",2276
"(46,15,1)",2277
"(16,15,5)",2278
"(34,15,1)",2279
"(5,15,5)",2280
"(12,15,4)",2281
"(21,15,4)",2282
"(20,15,9)",2283
"(50,15,3)",2284
"(6,15,3)",2285
"(48,15,5)",2286
"(49,15,8)",2287
"(42,15,10)",2288
"(9,15,6)",2289
"(33,15,3)",2290
"(17,15,2)",2291
"(27,15,9)",2292
"(12,15,3)",2293
"(22,15,7)",2294
"(24,16,6)",2295
"(39,16,9)",2296
"(23,16,4)",2297
"(28,16,3)",2298
"(13,16,10)",2299
"(10,16,6)",2300
"(19,16,2)",2301
"(53,16,2)",2302
"(49,16,7)",2303
"(44,16,3)",2304
"(20,16,4)",2305
"(5,16,8)",2306
"(15,16,9)",2307
"(23,16,9)",2308
"(55,16,7)",2309
"(55,16,5)",2310
"(10,16,7)",2311
"(30,16,2)",2312
"(34,16,6)",2313
"(20,16,2)",2314
"(52,16,10)",2315
"(27,16,9)",2316
"(34,16,1)",2317
"(14,16,1)",2318
"(28,16,1)",2319
"(49,16,8)",2320
"(19,16,5)",2321
"(7,16,5)",2322
"(48,16,7)",2323
"(42,16,3)",2324
"(35,16,8)",2325
"(27,16,1)",2326
"(31,16,3)",2327
"(45,16,7)",2328
"(48,16,1)",2329
"(24,16,4)",2330
"(53,16,6)",2331
"(45,16,8)",2332
"(3,16,4)",2333
"(46,16,4)",2334
"(43,16,1)",2335
"(51,16,2)",2336
"(6,16,1)",2337
"(16,16,6)",2338
"(42,16,7)",2339
"(33,16,10)",2340
"(19,16,6)",2341
"(18,16,6)",2342
"(19,16,7)",2343
"(12,16,9)",2344
"(5,16,5)",2345
"(55,16,9)",2346
"(1,16,5)",2347
"(35,16,3)",2348
"(16,16,4)",2349
"(40,16,2)",2350
"(5,16,9)",2351
"(41,16,10)",2352
"(34,16,8)",2353
"(3,16,9)",2354
"(7,16,1)",2355
"(48,16,8)",2356
"(24,16,9)",2357
"(31,16,2)",2358
"(50,16,4)",2359
"(4,16,3)",2360
"(37,16,6)",2361
"(12,16,1)",2362
"(40,16,3)",2363
"(17,16,2)",2364
"(30,16,6)",2365
"(50,16,6)",2366
"(1,16,10)",2367
"(50,16,2)",2368
"(17,16,1)",2369
"(31,16,5)",2370
"(43,16,7)",2371
"(52,16,6)",2372
"(55,16,2)",2373
"(30,16,1)",2374
"(39,16,10)",2375
"(9,16,5)",2376
"(18,16,1)",2377
"(54,16,1)",2378
"(8,16,3)",2379
"(46,16,1)",2380
"(42,16,1)",2381
"(12,16,4)",2382
"(20,16,7)",2383
"(7,16,2)",2384
"(31,16,8)",2385
"(1,16,3)",2386
"(27,16,10)",2387
"(20,16,6)",2388
"(41,16,8)",2389
"(11,16,4)",2390
"(47,16,2)",2391
"(45,16,2)",2392
"(4,16,5)",2393
"(3,16,8)",2394
"(45,16,4)",2395
"(42,16,9)",2396
"(13,16,4)",2397
"(17,16,10)",2398
"(11,16,1)",2399
"(20,16,9)",2400
"(4,16,1)",2401
"(49,16,4)",2402
"(10,16,5)",2403
"(5,16,1)",2404
"(16,16,7)",2405
"(21,16,4)",2406
"(39,16,8)",2407
"(4,16,7)",2408
"(14,16,5)",2409
"(23,16,3)",2410
"(6,16,8)",2411
"(37,16,9)",2412
"(8,16,9)",2413
"(39,16,5)",2414
"(42,16,5)",2415
"(7,16,10)",2416
"(27,16,7)",2417
"(49,16,5)",2418
"(41,16,2)",2419
"(16,16,5)",2420
"(47,16,5)",2421
"(29,16,2)",2422
"(2,16,5)",2423
"(39,16,2)",2424
"(16,16,10)",2425
"(7,16,7)",2426
"(34,16,3)",2427
"(32,16,2)",2428
"(43,16,6)",2429
"(25,16,9)",2430
"(17,16,9)",2431
"(53,16,8)",2432
"(12,16,5)",2433
"(48,16,5)",2434
"(1,16,8)",2435
"(40,16,1)",2436
"(11,16,10)",2437
"(15,16,3)",2438
"(24,16,10)",2439
"(50,16,7)",2440
"(3,16,3)",2441
"(22,16,4)",2442
"(40,16,10)",2443
"(38,16,10)",2444
"(21,16,3)",2445
"(50,16,9)",2446
"(31,16,7)",2447
"(32,16,8)",2448
"(9,16,6)",2449
"(12,16,6)",2450
"(22,16,7)",2451
"(8,16,10)",2452
"(15,16,5)",2453
"(37,16,4)",2454
"(40,16,5)",2455
"(56,16,2)",2456
"(37,16,8)",2457
"(2,16,10)",2458
"(3,16,2)",2459
"(9,16,8)",2460
"(21,16,8)",2461
"(51,16,10)",2462
"(14,16,9)",2463
"(17,16,8)",2464
"(6,16,7)",2465
"(13,16,9)",2466
"(32,16,9)",2467
"(20,16,5)",2468
"(4,16,2)",2469
"(54,16,2)",2470
"(11,16,7)",2471
"(36,16,10)",2472
"(18,16,10)",2473
"(2,16,2)",2474
"(8,16,8)",2475
"(44,16,10)",2476
"(31,16,4)",2477
"(14,16,2)",2478
"(14,16,3)",2479
"(30,16,10)",2480
"(36,16,8)",2481
"(45,16,3)",2482
"(56,16,10)",2483
"(33,16,1)",2484
"(9,16,2)",2485
"(42,16,10)",2486
"(50,16,3)",2487
"(22,16,1)",2488
"(6,16,3)",2489
"(10,16,1)",2490
"(49,16,3)",2491
"(39,16,4)",2492
"(45,16,10)",2493
"(17,16,6)",2494
"(33,16,3)",2495
"(12,16,3)",2496
"(8,16,1)",2497
"(36,16,3)",2498
"(15,16,4)",2499
"(23,16,6)",2500
"(25,16,1)",2501
"(53,16,9)",2502
"(51,16,3)",2503
"(16,16,2)",2504
"(19,16,9)",2505
"(22,16,5)",2506
"(9,16,9)",2507
"(11,16,8)",2508
"(10,16,4)",2509
"(19,16,4)",2510
"(38,16,6)",2511
"(36,16,5)",2512
"(54,16,3)",2513
"(7,16,6)",2514
"(45,16,5)",2515
"(20,16,10)",2516
"(31,16,1)",2517
"(7,16,8)",2518
"(33,17,7)",2519
"(50,17,1)",2520
"(5,17,2)",2521
"(55,17,9)",2522
"(25,17,1)",2523
"(7,17,10)",2524
"(10,17,10)",2525
"(33,17,8)",2526
"(20,17,3)",2527
"(34,17,9)",2528
"(5,17,8)",2529
"(10,17,4)",2530
"(30,17,5)",2531
"(13,17,10)",2532
"(32,17,7)",2533
"(1,17,6)",2534
"(42,17,6)",2535
"(15,17,8)",2536
"(27,17,10)",2537
"(17,17,4)",2538
"(3,17,9)",2539
"(52,17,7)",2540
"(56,17,7)",2541
"(4,17,9)",2542
"(2,17,7)",2543
"(31,17,4)",2544
"(54,17,2)",2545
"(35,17,6)",2546
"(17,17,3)",2547
"(18,17,2)",2548
"(23,17,8)",2549
"(46,17,5)",2550
"(27,17,2)",2551
"(46,17,8)",2552
"(5,17,5)",2553
"(11,17,10)",2554
"(36,17,1)",2555
"(29,17,4)",2556
"(1,17,3)",2557
"(54,17,8)",2558
"(41,17,9)",2559
"(25,17,6)",2560
"(26,17,5)",2561
"(38,17,10)",2562
"(12,17,2)",2563
"(54,17,1)",2564
"(51,17,7)",2565
"(14,17,3)",2566
"(50,17,6)",2567
"(49,17,1)",2568
"(33,17,3)",2569
"(4,17,3)",2570
"(41,17,6)",2571
"(7,17,5)",2572
"(9,17,7)",2573
"(14,17,5)",2574
"(14,17,4)",2575
"(48,17,8)",2576
"(9,17,6)",2577
"(48,17,9)",2578
"(26,17,6)",2579
"(32,17,6)",2580
"(8,17,7)",2581
"(28,17,5)",2582
"(48,17,4)",2583
"(21,17,10)",2584
"(32,17,10)",2585
"(7,17,3)",2586
"(55,17,10)",2587
"(17,17,9)",2588
"(2,17,1)",2589
"(3,17,3)",2590
"(6,17,10)",2591
"(51,17,9)",2592
"(28,17,6)",2593
"(3,17,10)",2594
"(51,17,8)",2595
"(56,17,2)",2596
"(40,17,5)",2597
"(22,17,2)",2598
"(53,17,1)",2599
"(22,17,10)",2600
"(26,17,3)",2601
"(23,17,1)",2602
"(8,17,9)",2603
"(37,17,6)",2604
"(34,17,5)",2605
"(39,17,7)",2606
"(55,17,1)",2607
"(47,17,5)",2608
"(27,17,7)",2609
"(39,17,1)",2610
"(28,17,8)",2611
"(52,17,9)",2612
"(21,17,3)",2613
"(13,17,2)",2614
"(40,17,10)",2615
"(43,17,7)",2616
"(27,17,1)",2617
"(15,17,3)",2618
"(33,17,9)",2619
"(45,17,8)",2620
"(2,17,10)",2621
"(56,17,5)",2622
"(19,17,6)",2623
"(47,17,6)",2624
"(42,17,9)",2625
"(4,17,8)",2626
"(37,17,10)",2627
"(53,17,6)",2628
"(46,17,7)",2629
"(12,17,9)",2630
"(7,17,2)",2631
"(44,17,10)",2632
"(8,17,10)",2633
"(22,17,1)",2634
"(52,17,6)",2635
"(29,17,9)",2636
"(40,17,2)",2637
"(41,17,5)",2638
"(53,17,5)",2639
"(4,17,6)",2640
"(4,17,5)",2641
"(9,17,4)",2642
"(36,17,9)",2643
"(3,17,8)",2644
"(11,17,7)",2645
"(30,17,3)",2646
"(28,17,7)",2647
"(3,17,7)",2648
"(30,17,8)",2649
"(23,17,7)",2650
"(43,17,10)",2651
"(33,17,4)",2652
"(12,17,5)",2653
"(47,17,1)",2654
"(27,17,5)",2655
"(44,17,3)",2656
"(39,17,5)",2657
"(19,17,9)",2658
"(26,17,4)",2659
"(16,17,8)",2660
"(22,17,3)",2661
"(24,17,1)",2662
"(17,17,2)",2663
"(28,17,1)",2664
"(49,17,7)",2665
"(52,17,4)",2666
"(38,17,4)",2667
"(4,17,4)",2668
"(51,17,10)",2669
"(42,17,4)",2670
"(5,17,10)",2671
"(19,17,4)",2672
"(45,17,6)",2673
"(26,17,1)",2674
"(45,17,1)",2675
"(12,17,6)",2676
"(19,17,7)",2677
"(48,17,3)",2678
"(33,17,5)",2679
"(53,17,3)",2680
"(28,17,9)",2681
"(19,17,3)",2682
"(13,17,6)",2683
"(46,17,6)",2684
"(27,17,8)",2685
"(47,17,7)",2686
"(37,17,1)",2687
"(46,17,9)",2688
"(15,17,2)",2689
"(33,17,1)",2690
"(44,17,7)",2691
"(41,17,2)",2692
"(35,17,3)",2693
"(11,17,3)",2694
"(20,17,10)",2695
"(53,17,7)",2696
"(44,17,9)",2697
"(46,17,3)",2698
"(23,17,4)",2699
"(52,17,2)",2700
"(12,17,4)",2701
"(28,17,2)",2702
"(30,17,6)",2703
"(11,17,4)",2704
"(6,17,6)",2705
"(50,17,3)",2706
"(3,17,2)",2707
"(2,17,5)",2708
"(11,17,1)",2709
"(45,17,9)",2710
"(32,17,1)",2711
"(1,17,8)",2712
"(19,17,2)",2713
"(8,17,5)",2714
"(18,17,8)",2715
"(45,17,5)",2716
"(27,17,4)",2717
"(24,17,3)",2718
"(34,17,2)",2719
"(7,17,1)",2720
"(25,17,9)",2721
"(41,17,10)",2722
"(50,17,8)",2723
"(39,17,9)",2724
"(30,17,9)",2725
"(34,17,6)",2726
"(15,17,1)",2727
"(46,17,4)",2728
"(54,17,9)",2729
"(26,17,7)",2730
"(36,17,10)",2731
"(44,17,4)",2732
"(18,17,5)",2733
"(45,17,7)",2734
"(1,17,5)",2735
"(39,17,3)",2736
"(50,17,4)",2737
"(24,17,4)",2738
"(49,17,9)",2739
"(49,17,3)",2740
"(39,17,4)",2741
"(24,17,7)",2742
"(24,18,4)",2743
"(20,18,3)",2744
"(28,18,7)",2745
"(30,18,3)",2746
"(22,18,3)",2747
"(49,18,9)",2748
"(32,18,7)",2749
"(7,18,10)",2750
"(45,18,6)",2751
"(25,18,1)",2752
"(19,18,2)",2753
"(39,18,3)",2754
"(52,18,2)",2755
"(30,18,9)",2756
"(46,18,5)",2757
"(49,18,7)",2758
"(28,18,6)",2759
"(3,18,8)",2760
"(6,18,10)",2761
"(31,18,4)",2762
"(34,18,6)",2763
"(2,18,5)",2764
"(51,18,9)",2765
"(21,18,3)",2766
"(56,18,7)",2767
"(10,18,4)",2768
"(40,18,5)",2769
"(11,18,1)",2770
"(17,18,3)",2771
"(33,18,1)",2772
"(46,18,7)",2773
"(1,18,8)",2774
"(8,18,5)",2775
"(19,18,6)",2776
"(39,18,5)",2777
"(19,18,4)",2778
"(44,18,10)",2779
"(35,18,3)",2780
"(6,18,6)",2781
"(3,18,7)",2782
"(14,18,4)",2783
"(28,18,9)",2784
"(7,18,3)",2785
"(50,18,8)",2786
"(1,18,6)",2787
"(56,18,5)",2788
"(15,18,2)",2789
"(27,18,4)",2790
"(48,18,8)",2791
"(34,18,2)",2792
"(8,18,7)",2793
"(12,18,5)",2794
"(40,18,2)",2795
"(5,18,10)",2796
"(55,18,10)",2797
"(29,18,4)",2798
"(55,18,1)",2799
"(8,18,10)",2800
"(27,18,8)",2801
"(34,18,9)",2802
"(23,18,8)",2803
"(2,18,7)",2804
"(44,18,7)",2805
"(46,18,6)",2806
"(41,18,9)",2807
"(36,18,1)",2808
"(33,18,4)",2809
"(9,18,6)",2810
"(39,18,4)",2811
"(32,18,1)",2812
"(4,18,6)",2813
"(26,18,7)",2814
"(40,18,10)",2815
"(17,18,2)",2816
"(52,18,6)",2817
"(52,18,4)",2818
"(39,18,7)",2819
"(5,18,2)",2820
"(46,18,8)",2821
"(26,18,4)",2822
"(30,18,6)",2823
"(53,18,5)",2824
"(33,18,9)",2825
"(44,18,3)",2826
"(42,18,9)",2827
"(38,18,4)",2828
"(36,18,9)",2829
"(49,18,3)",2830
"(44,18,4)",2831
"(9,19,3)",2832
"(7,19,6)",2833
"(22,19,9)",2834
"(52,19,2)",2835
"(16,19,9)",2836
"(41,19,2)",2837
"(41,19,10)",2838
"(11,19,4)",2839
"(36,19,6)",2840
"(26,19,10)",2841
"(47,19,1)",2842
"(13,19,6)",2843
"(33,19,6)",2844
"(14,19,6)",2845
"(22,19,6)",2846
"(22,19,10)",2847
"(4,19,10)",2848
"(40,19,3)",2849
"(43,19,10)",2850
"(21,19,8)",2851
"(36,19,5)",2852
"(34,19,2)",2853
"(56,19,7)",2854
"(27,19,6)",2855
"(38,19,1)",2856
"(51,19,3)",2857
"(48,19,4)",2858
"(44,19,8)",2859
"(48,19,9)",2860
"(52,19,10)",2861
"(27,19,5)",2862
"(37,19,5)",2863
"(7,19,1)",2864
"(40,19,5)",2865
"(41,19,8)",2866
"(11,19,3)",2867
"(19,19,7)",2868
"(16,19,4)",2869
"(30,19,8)",2870
"(31,19,4)",2871
"(53,19,6)",2872
"(43,19,1)",2873
"(24,19,9)",2874
"(18,19,8)",2875
"(37,19,3)",2876
"(7,19,3)",2877
"(19,19,9)",2878
"(25,19,6)",2879
"(54,19,4)",2880
"(13,19,1)",2881
"(6,19,1)",2882
"(17,19,4)",2883
"(4,19,6)",2884
"(2,19,10)",2885
"(26,19,6)",2886
"(16,19,6)",2887
"(45,19,5)",2888
"(26,19,2)",2889
"(29,19,9)",2890
"(29,19,7)",2891
"(24,19,2)",2892
"(20,19,2)",2893
"(27,19,7)",2894
"(41,19,6)",2895
"(28,19,6)",2896
"(24,19,8)",2897
"(50,19,7)",2898
"(40,19,1)",2899
"(4,19,5)",2900
"(35,19,10)",2901
"(35,19,3)",2902
"(44,19,3)",2903
"(47,19,7)",2904
"(53,19,1)",2905
"(6,19,8)",2906
"(23,19,2)",2907
"(12,19,5)",2908
"(1,19,2)",2909
"(22,19,8)",2910
"(52,19,4)",2911
"(22,19,3)",2912
"(48,19,1)",2913
"(23,19,9)",2914
"(28,19,2)",2915
"(15,19,7)",2916
"(35,19,8)",2917
"(33,19,1)",2918
"(27,19,9)",2919
"(21,19,1)",2920
"(40,19,2)",2921
"(14,19,8)",2922
"(8,19,9)",2923
"(35,19,4)",2924
"(5,19,10)",2925
"(42,19,3)",2926
"(37,19,1)",2927
"(36,20,5)",2928
"(23,20,9)",2929
"(27,20,5)",2930
"(37,20,9)",2931
"(35,20,6)",2932
"(45,20,10)",2933
"(27,20,7)",2934
"(17,20,7)",2935
"(21,20,3)",2936
"(17,20,2)",2937
"(24,20,2)",2938
"(36,20,8)",2939
"(15,20,7)",2940
"(49,20,1)",2941
"(13,20,6)",2942
"(45,20,5)",2943
"(35,20,10)",2944
"(31,20,10)",2945
"(20,20,5)",2946
"(10,20,3)",2947
"(45,20,4)",2948
"(44,20,2)",2949
"(6,20,8)",2950
"(41,20,6)",2951
"(7,20,6)",2952
"(46,20,2)",2953
"(48,20,5)",2954
"(8,20,5)",2955
"(52,20,2)",2956
"(47,20,5)",2957
"(26,20,10)",2958
"(48,20,9)",2959
"(15,20,4)",2960
"(45,20,9)",2961
"(35,20,4)",2962
"(15,20,5)",2963
"(28,20,6)",2964
"(38,20,1)",2965
"(47,20,9)",2966
"(26,20,6)",2967
"(3,20,1)",2968
"(30,20,8)",2969
"(53,20,1)",2970
"(29,20,7)",2971
"(52,20,3)",2972
"(6,20,6)",2973
"(44,20,3)",2974
"(38,20,6)",2975
"(28,20,3)",2976
"(53,20,3)",2977
"(54,20,6)",2978
"(42,20,4)",2979
"(45,20,8)",2980
"(47,20,7)",2981
"(50,20,7)",2982
"(15,20,2)",2983
"(27,20,9)",2984
"(19,20,7)",2985
"(42,20,3)",2986
"(15,20,1)",2987
"(49,20,9)",2988
"(17,20,4)",2989
"(9,20,9)",2990
"(37,20,2)",2991
"(23,20,5)",2992
"(44,20,8)",2993
"(50,20,6)",2994
"(13,20,10)",2995
"(40,20,2)",2996
"(10,20,9)",2997
"(29,20,2)",2998
"(22,20,10)",2999
"(48,20,8)",3000
"(41,20,4)",3001
"(45,20,2)",3002
"(40,20,5)",3003
"(37,20,5)",3004
"(48,20,1)",3005
"(38,20,8)",3006
"(44,20,6)",3007
"(22,20,6)",3008
"(31,20,7)",3009
"(4,20,6)",3010
"(19,20,6)",3011
"(53,20,9)",3012
"(41,20,8)",3013
"(4,20,3)",3014
"(7,20,3)",3015
"(17,20,5)",3016
"(14,20,2)",3017
"(34,20,2)",3018
"(45,20,1)",3019
"(33,20,10)",3020
"(55,20,2)",3021
"(37,20,1)",3022
"(9,20,3)",3023
"(41,20,3)",3024
"(43,20,6)",3025
"(46,20,9)",3026
"(22,20,7)",3027
"(37,20,6)",3028
"(8,20,9)",3029
"(31,20,6)",3030
"(37,20,3)",3031
"(47,20,1)",3032
"(4,20,10)",3033
"(29,20,9)",3034
"(27,20,6)",3035
"(11,20,4)",3036
"(24,20,8)",3037
"(33,20,1)",3038
"(51,20,7)",3039
"(46,20,1)",3040
"(11,20,10)",3041
"(19,20,9)",3042
"(10,20,1)",3043
"(56,20,10)",3044
"(18,20,2)",3045
"(9,20,8)",3046
"(14,20,6)",3047
"(7,20,7)",3048
"(2,20,10)",3049
"(2,20,7)",3050
"(25,20,6)",3051
"(51,20,3)",3052
"(6,20,1)",3053
"(9,20,7)",3054
"(49,20,2)",3055
"(2,20,5)",3056
"(32,20,3)",3057
"(53,20,6)",3058
"(33,20,9)",3059
"(7,20,4)",3060
"(3,20,9)",3061
"(40,20,1)",3062
"(53,20,4)",3063
"(41,20,10)",3064
"(22,20,9)",3065
"(18,20,8)",3066
"(22,20,1)",3067
"(24,20,9)",3068
"(21,20,8)",3069
"(16,20,3)",3070
"(11,20,3)",3071
"(28,20,5)",3072
"(52,20,7)",3073
"(5,20,8)",3074
"(27,20,2)",3075
"(39,20,2)",3076
"(12,20,6)",3077
"(7,20,1)",3078
"(22,20,2)",3079
"(55,20,10)",3080
"(34,20,8)",3081
"(6,20,5)",3082
"(40,20,3)",3083
"(33,20,2)",3084
"(53,20,5)",3085
"(48,20,6)",3086
"(55,20,6)",3087
"(16,20,9)",3088
"(22,20,4)",3089
"(31,20,4)",3090
"(52,20,4)",3091
"(56,20,7)",3092
"(28,20,2)",3093
"(43,20,2)",3094
"(55,20,7)",3095
"(8,20,4)",3096
"(24,20,10)",3097
"(46,20,3)",3098
"(13,20,1)",3099
"(20,20,2)",3100
"(48,20,4)",3101
"(3,20,10)",3102
"(24,20,6)",3103
"(25,20,2)",3104
"(22,20,3)",3105
"(16,20,6)",3106
"(24,20,7)",3107
"(33,20,6)",3108
"(55,20,4)",3109
"(23,20,2)",3110
"(1,20,2)",3111
"(5,20,7)",3112
"(17,20,6)",3113
"(28,20,9)",3114
"(52,20,5)",3115
"(26,20,2)",3116
"(36,20,6)",3117
"(4,20,5)",3118
"(52,20,9)",3119
"(14,20,8)",3120
"(5,20,10)",3121
"(22,20,8)",3122
"(35,20,5)",3123
"(35,20,8)",3124
"(13,20,8)",3125
"(35,20,3)",3126
"(12,20,5)",3127
"(32,20,1)",3128
"(42,20,10)",3129
"(12,20,4)",3130
"(14,20,9)",3131
"(32,20,7)",3132
"(18,20,5)",3133
"(43,20,10)",3134
"(30,20,10)",3135
"(45,20,3)",3136
"(41,20,2)",3137
"(55,20,9)",3138
"(16,20,4)",3139
"(31,20,5)",3140
"(54,20,4)",3141
"(2,20,8)",3142
"(26,20,7)",3143
"(1,20,9)",3144
"(52,20,10)",3145
"(10,20,8)",3146
"(21,20,1)",3147
"(15,20,8)",3148
"(43,20,3)",3149
"(43,20,1)",3150
"(2,20,9)",3151
"(22,21,1)",3152
"(45,21,6)",3153
"(56,21,2)",3154
"(10,21,10)",3155
"(9,21,7)",3156
"(8,21,10)",3157
"(4,21,3)",3158
"(41,21,4)",3159
"(46,21,8)",3160
"(33,21,10)",3161
"(56,21,6)",3162
"(53,21,1)",3163
"(25,21,3)",3164
"(43,21,10)",3165
"(32,21,7)",3166
"(3,21,7)",3167
"(28,21,5)",3168
"(26,21,5)",3169
"(54,21,9)",3170
"(49,21,10)",3171
"(25,21,9)",3172
"(48,21,3)",3173
"(4,21,10)",3174
"(25,21,4)",3175
"(41,21,1)",3176
"(52,21,6)",3177
"(54,21,6)",3178
"(56,21,8)",3179
"(2,21,8)",3180
"(32,21,4)",3181
"(16,21,9)",3182
"(23,21,1)",3183
"(39,21,4)",3184
"(3,21,1)",3185
"(14,21,5)",3186
"(6,21,9)",3187
"(34,21,5)",3188
"(44,21,5)",3189
"(20,21,10)",3190
"(47,21,2)",3191
"(43,21,4)",3192
"(37,21,6)",3193
"(18,21,1)",3194
"(33,21,1)",3195
"(46,21,7)",3196
"(52,21,7)",3197
"(40,21,8)",3198
"(54,21,3)",3199
"(27,21,8)",3200
"(55,21,4)",3201
"(5,21,1)",3202
"(14,21,9)",3203
"(36,21,8)",3204
"(51,21,7)",3205
"(30,21,5)",3206
"(30,21,1)",3207
"(42,21,10)",3208
"(53,21,4)",3209
"(26,21,7)",3210
"(29,21,2)",3211
"(43,21,9)",3212
"(41,21,6)",3213
"(55,21,7)",3214
"(26,21,4)",3215
"(32,21,9)",3216
"(22,21,10)",3217
"(1,21,5)",3218
"(11,21,8)",3219
"(31,21,7)",3220
"(18,21,6)",3221
"(10,21,4)",3222
"(13,21,5)",3223
"(50,21,3)",3224
"(23,21,10)",3225
"(27,21,2)",3226
"(13,21,7)",3227
"(26,21,10)",3228
"(51,21,4)",3229
"(50,21,7)",3230
"(34,21,4)",3231
"(43,21,3)",3232
"(39,21,10)",3233
"(42,21,7)",3234
"(9,21,2)",3235
"(24,21,5)",3236
"(26,21,8)",3237
"(2,21,6)",3238
"(2,21,9)",3239
"(24,21,2)",3240
"(56,21,7)",3241
"(14,21,8)",3242
"(41,21,8)",3243
"(43,21,2)",3244
"(53,21,6)",3245
"(20,21,5)",3246
"(49,21,5)",3247
"(6,21,10)",3248
"(40,21,9)",3249
"(37,21,10)",3250
"(20,21,8)",3251
"(46,21,10)",3252
"(15,21,9)",3253
"(7,21,9)",3254
"(49,21,7)",3255
"(22,21,5)",3256
"(56,21,5)",3257
"(45,21,8)",3258
"(19,21,10)",3259
"(37,21,2)",3260
"(31,21,5)",3261
"(9,21,3)",3262
"(9,21,6)",3263
"(3,21,10)",3264
"(12,21,6)",3265
"(45,21,2)",3266
"(29,21,7)",3267
"(43,21,5)",3268
"(56,21,3)",3269
"(10,21,5)",3270
"(15,21,1)",3271
"(20,21,7)",3272
"(34,21,10)",3273
"(22,21,6)",3274
"(5,21,2)",3275
"(4,21,8)",3276
"(45,21,7)",3277
"(30,21,4)",3278
"(33,21,3)",3279
"(16,21,10)",3280
"(12,21,3)",3281
"(38,21,10)",3282
"(14,21,2)",3283
"(1,21,7)",3284
"(42,21,4)",3285
"(1,21,10)",3286
"(29,21,3)",3287
"(13,21,8)",3288
"(40,21,7)",3289
"(22,21,4)",3290
"(50,21,4)",3291
"(20,21,2)",3292
"(48,21,6)",3293
"(53,21,8)",3294
"(48,21,5)",3295
"(20,21,1)",3296
"(30,21,8)",3297
"(38,21,6)",3298
"(5,21,6)",3299
"(52,21,2)",3300
"(1,21,9)",3301
"(21,21,6)",3302
"(24,21,7)",3303
"(27,21,7)",3304
"(16,21,7)",3305
"(30,21,3)",3306
"(24,21,8)",3307
"(45,21,9)",3308
"(37,21,4)",3309
"(52,21,10)",3310
"(22,21,3)",3311
"(5,21,7)",3312
"(19,21,1)",3313
"(34,21,7)",3314
"(52,21,8)",3315
"(16,21,3)",3316
"(4,21,5)",3317
"(53,21,10)",3318
"(51,21,5)",3319
"(34,21,6)",3320
"(34,21,8)",3321
"(38,21,5)",3322
"(8,21,9)",3323
"(36,21,2)",3324
"(35,21,6)",3325
"(49,21,6)",3326
"(53,21,2)",3327
"(27,21,4)",3328
"(43,21,1)",3329
"(46,21,5)",3330
"(9,21,5)",3331
"(51,21,1)",3332
"(23,21,3)",3333
"(10,21,8)",3334
"(39,21,7)",3335
"(40,21,10)",3336
"(50,21,9)",3337
"(30,21,2)",3338
"(25,21,7)",3339
"(53,21,9)",3340
"(49,21,1)",3341
"(13,21,10)",3342
"(28,21,6)",3343
"(54,21,8)",3344
"(10,21,9)",3345
"(2,21,1)",3346
"(4,21,7)",3347
"(21,21,4)",3348
"(3,21,4)",3349
"(40,21,1)",3350
"(3,21,8)",3351
"(33,21,8)",3352
"(35,21,2)",3353
"(41,21,10)",3354
"(22,21,7)",3355
"(7,21,5)",3356
"(41,21,3)",3357
"(51,21,2)",3358
"(21,21,8)",3359
"(31,21,10)",3360
"(33,21,2)",3361
"(17,21,9)",3362
"(55,21,8)",3363
"(2,21,5)",3364
"(24,21,10)",3365
"(51,21,6)",3366
"(22,21,2)",3367
"(42,21,8)",3368
"(16,21,1)",3369
"(44,21,8)",3370
"(11,21,4)",3371
"(21,21,9)",3372
"(31,21,1)",3373
"(19,21,6)",3374
"(52,21,1)",3375
"(41,22,10)",3376
"(24,22,10)",3377
"(26,22,7)",3378
"(27,22,7)",3379
"(34,22,8)",3380
"(43,22,4)",3381
"(53,22,9)",3382
"(2,22,9)",3383
"(13,22,8)",3384
"(52,22,7)",3385
"(39,22,10)",3386
"(15,22,1)",3387
"(34,22,10)",3388
"(42,22,8)",3389
"(33,22,8)",3390
"(25,22,4)",3391
"(38,22,5)",3392
"(40,22,7)",3393
"(13,22,10)",3394
"(2,22,6)",3395
"(2,22,5)",3396
"(51,22,6)",3397
"(34,22,4)",3398
"(22,22,6)",3399
"(12,22,6)",3400
"(41,22,1)",3401
"(39,22,7)",3402
"(25,22,9)",3403
"(14,22,2)",3404
"(30,22,2)",3405
"(23,22,1)",3406
"(42,22,7)",3407
"(56,22,2)",3408
"(28,22,5)",3409
"(14,22,9)",3410
"(48,22,5)",3411
"(16,22,3)",3412
"(51,22,7)",3413
"(35,22,2)",3414
"(31,22,10)",3415
"(53,22,6)",3416
"(30,22,5)",3417
"(21,22,4)",3418
"(43,22,1)",3419
"(26,22,5)",3420
"(45,22,9)",3421
"(39,22,4)",3422
"(32,22,9)",3423
"(33,22,3)",3424
"(49,22,5)",3425
"(22,22,7)",3426
"(4,22,7)",3427
"(37,22,10)",3428
"(55,22,8)",3429
"(20,22,2)",3430
"(3,22,4)",3431
"(29,22,3)",3432
"(42,22,4)",3433
"(9,22,3)",3434
"(30,22,4)",3435
"(20,22,1)",3436
"(8,22,10)",3437
"(6,22,10)",3438
"(23,22,10)",3439
"(14,22,5)",3440
"(16,22,1)",3441
"(33,22,1)",3442
"(44,22,8)",3443
"(16,22,9)",3444
"(42,22,10)",3445
"(18,22,1)",3446
"(28,22,6)",3447
"(27,22,8)",3448
"(50,22,4)",3449
"(22,22,1)",3450
"(53,22,4)",3451
"(41,22,8)",3452
"(36,22,2)",3453
"(40,22,10)",3454
"(16,22,10)",3455
"(31,22,7)",3456
"(8,22,9)",3457
"(7,22,9)",3458
"(22,22,4)",3459
"(6,22,9)",3460
"(16,23,9)",3461
"(22,23,10)",3462
"(13,23,5)",3463
"(8,23,7)",3464
"(15,23,9)",3465
"(47,23,4)",3466
"(22,23,2)",3467
"(19,23,7)",3468
"(12,23,7)",3469
"(12,23,9)",3470
"(39,23,7)",3471
"(20,23,6)",3472
"(7,23,5)",3473
"(39,23,5)",3474
"(2,23,5)",3475
"(26,23,8)",3476
"(34,23,5)",3477
"(1,23,1)",3478
"(50,23,1)",3479
"(53,23,2)",3480
"(32,23,3)",3481
"(44,23,5)",3482
"(33,23,5)",3483
"(18,23,3)",3484
"(14,23,1)",3485
"(40,23,4)",3486
"(10,23,5)",3487
"(46,23,10)",3488
"(12,23,2)",3489
"(44,23,2)",3490
"(23,23,8)",3491
"(50,23,4)",3492
"(40,23,10)",3493
"(20,23,4)",3494
"(6,23,3)",3495
"(25,23,6)",3496
"(38,23,5)",3497
"(40,23,6)",3498
"(47,23,10)",3499
"(25,23,9)",3500
"(7,23,2)",3501
"(5,23,5)",3502
"(20,23,2)",3503
"(46,23,6)",3504
"(13,23,8)",3505
"(30,23,6)",3506
"(50,23,7)",3507
"(23,23,7)",3508
"(45,23,5)",3509
"(6,23,5)",3510
"(13,23,1)",3511
"(20,23,7)",3512
"(47,23,6)",3513
"(15,23,6)",3514
"(37,23,9)",3515
"(42,23,3)",3516
"(49,23,7)",3517
"(46,23,8)",3518
"(42,23,2)",3519
"(2,23,4)",3520
"(53,23,10)",3521
"(1,23,4)",3522
"(29,23,8)",3523
"(3,23,8)",3524
"(48,23,7)",3525
"(52,23,2)",3526
"(36,23,9)",3527
"(5,23,8)",3528
"(43,23,2)",3529
"(55,23,8)",3530
"(43,23,8)",3531
"(12,23,1)",3532
"(24,23,2)",3533
"(38,23,3)",3534
"(26,23,6)",3535
"(29,23,4)",3536
"(6,23,6)",3537
"(51,23,5)",3538
"(15,23,2)",3539
"(17,23,7)",3540
"(54,23,9)",3541
"(50,24,7)",3542
"(2,24,4)",3543
"(45,24,10)",3544
"(48,24,9)",3545
"(28,24,9)",3546
"(12,24,1)",3547
"(52,24,2)",3548
"(51,24,2)",3549
"(19,24,9)",3550
"(35,24,2)",3551
"(23,24,7)",3552
"(49,24,5)",3553
"(39,24,2)",3554
"(2,24,10)",3555
"(15,24,9)",3556
"(12,24,7)",3557
"(51,24,8)",3558
"(20,24,6)",3559
"(33,24,5)",3560
"(42,24,2)",3561
"(22,24,2)",3562
"(25,24,9)",3563
"(36,24,1)",3564
"(15,24,3)",3565
"(6,24,10)",3566
"(46,24,10)",3567
"(16,24,6)",3568
"(5,24,3)",3569
"(19,24,1)",3570
"(40,24,6)",3571
"(49,24,1)",3572
"(39,24,8)",3573
"(22,24,10)",3574
"(44,24,2)",3575
"(24,24,2)",3576
"(52,24,8)",3577
"(24,24,8)",3578
"(1,24,3)",3579
"(40,24,4)",3580
"(18,24,3)",3581
"(54,24,4)",3582
"(26,24,6)",3583
"(51,24,9)",3584
"(15,24,10)",3585
"(7,24,9)",3586
"(23,24,4)",3587
"(20,24,2)",3588
"(55,24,8)",3589
"(44,24,10)",3590
"(19,24,7)",3591
"(22,24,6)",3592
"(12,24,4)",3593
"(50,24,8)",3594
"(9,24,4)",3595
"(6,24,8)",3596
"(56,24,4)",3597
"(28,24,10)",3598
"(47,24,10)",3599
"(38,24,9)",3600
"(6,24,5)",3601
"(31,24,2)",3602
"(21,24,8)",3603
"(33,24,8)",3604
"(27,24,3)",3605
"(53,24,10)",3606
"(42,24,4)",3607
"(45,24,5)",3608
"(3,24,4)",3609
"(32,24,3)",3610
"(28,24,3)",3611
"(43,24,10)",3612
"(14,24,5)",3613
"(9,24,7)",3614
"(13,24,8)",3615
"(47,24,4)",3616
"(48,24,8)",3617
"(18,24,9)",3618
"(53,24,6)",3619
"(49,24,7)",3620
"(53,24,3)",3621
"(38,24,5)",3622
"(50,24,4)",3623
"(20,24,7)",3624
"(50,24,1)",3625
"(1,24,1)",3626
"(46,24,6)",3627
"(5,24,8)",3628
"(41,24,4)",3629
"(31,24,4)",3630
"(17,24,6)",3631
"(24,24,9)",3632
"(35,24,9)",3633
"(50,24,9)",3634
"(26,24,8)",3635
"(15,24,4)",3636
"(39,24,10)",3637
"(25,24,10)",3638
"(20,24,4)",3639
"(22,24,8)",3640
"(13,24,5)",3641
"(36,24,3)",3642
"(5,24,5)",3643
"(27,24,4)",3644
"(4,24,4)",3645
"(53,24,7)",3646
"(48,24,7)",3647
"(32,24,4)",3648
"(23,24,10)",3649
"(44,24,8)",3650
"(50,24,3)",3651
"(32,24,8)",3652
"(15,24,8)",3653
"(10,24,5)",3654
"(29,24,4)",3655
"(1,24,9)",3656
"(6,24,6)",3657
"(1,24,8)",3658
"(36,24,9)",3659
"(5,24,7)",3660
"(5,24,9)",3661
"(43,24,8)",3662
"(1,24,10)",3663
"(35,24,3)",3664
"(45,24,6)",3665
"(15,24,6)",3666
"(16,24,5)",3667
"(7,24,5)",3668
"(29,24,1)",3669
"(47,24,8)",3670
"(48,24,3)",3671
"(16,24,2)",3672
"(24,24,4)",3673
"(2,24,8)",3674
"(45,24,3)",3675
"(41,24,8)",3676
"(46,24,8)",3677
"(1,24,7)",3678
"(38,24,7)",3679
"(17,24,7)",3680
"(48,24,2)",3681
"(39,24,5)",3682
"(12,24,9)",3683
"(4,24,10)",3684
"(12,24,10)",3685
"(41,24,2)",3686
"(30,24,6)",3687
"(44,24,6)",3688
"(51,24,5)",3689
"(1,24,4)",3690
"(30,24,10)",3691
"(42,24,3)",3692
"(21,24,6)",3693
"(6,24,3)",3694
"(21,24,1)",3695
"(8,24,4)",3696
"(42,24,6)",3697
"(32,24,7)",3698
"(2,24,5)",3699
"(8,24,7)",3700
"(14,24,1)",3701
"(11,24,9)",3702
"(40,24,10)",3703
"(40,24,9)",3704
"(12,24,2)",3705
"(34,24,8)",3706
"(41,24,1)",3707
"(11,24,10)",3708
"(21,24,3)",3709
"(33,24,3)",3710
"(26,24,3)",3711
"(44,24,4)",3712
"(25,24,6)",3713
"(31,24,9)",3714
"(20,24,3)",3715
"(23,24,8)",3716
"(30,24,4)",3717
"(56,24,6)",3718
"(10,24,3)",3719
"(34,24,9)",3720
"(35,24,5)",3721
"(27,24,8)",3722
"(15,24,2)",3723
"(38,24,3)",3724
"(8,24,9)",3725
"(16,24,3)",3726
"(34,24,5)",3727
"(24,24,5)",3728
"(13,24,9)",3729
"(54,24,8)",3730
"(9,24,5)",3731
"(18,24,6)",3732
"(52,24,1)",3733
"(54,24,9)",3734
"(48,24,4)",3735
"(7,24,2)",3736
"(18,24,2)",3737
"(34,24,7)",3738
"(33,24,7)",3739
"(46,24,9)",3740
"(14,24,3)",3741
"(23,24,1)",3742
"(16,24,8)",3743
"(29,24,8)",3744
"(43,24,5)",3745
"(16,24,9)",3746
"(40,24,5)",3747
"(17,24,4)",3748
"(31,24,6)",3749
"(11,24,6)",3750
"(43,24,2)",3751
"(53,24,2)",3752
"(47,24,6)",3753
"(25,24,3)",3754
"(12,24,6)",3755
"(12,24,8)",3756
"(8,24,2)",3757
"(44,24,5)",3758
"(39,24,7)",3759
"(13,24,1)",3760
"(10,24,8)",3761
"(3,24,8)",3762
"(32,24,5)",3763
"(37,24,9)",3764
"(9,24,6)",3765
"(24,1,9)",3766
"(48,1,1)",3767
"(11,1,9)",3768
"(29,1,1)",3769
"(37,1,1)",3770
"(1,1,7)",3771
"(17,1,2)",3772
"(39,1,3)",3773
"(32,1,6)",3774
"(1,1,6)",3775
"(6,1,5)",3776
"(39,1,5)",3777
"(19,1,10)",3778
"(1,1,9)",3779
"(54,1,5)",3780
"(6,1,4)",3781
"(28,1,5)",3782
"(33,1,7)",3783
"(42,1,4)",3784
"(28,1,2)",3785
"(48,1,8)",3786
"(28,1,7)",3787
"(23,1,7)",3788
"(7,1,1)",3789
"(50,1,3)",3790
"(5,1,6)",3791
"(16,1,3)",3792
"(20,1,2)",3793
"(13,1,8)",3794
"(35,1,3)",3795
"(1,1,8)",3796
"(12,1,3)",3797
"(1,1,4)",3798
"(44,1,6)",3799
"(56,1,6)",3800
"(47,1,4)",3801
"(1,1,1)",3802
"(54,1,6)",3803
"(8,1,4)",3804
"(18,1,7)",3805
"(30,1,7)",3806
"(28,1,9)",3807
"(17,1,3)",3808
"(20,1,4)",3809
"(26,1,8)",3810
"(21,1,3)",3811
"(8,1,5)",3812
"(45,1,5)",3813
"(34,1,5)",3814
"(50,1,10)",3815
"(51,1,3)",3816
"(18,1,5)",3817
"(53,1,4)",3818
"(48,1,10)",3819
"(14,1,9)",3820
"(38,1,3)",3821
"(46,1,10)",3822
"(12,1,1)",3823
"(39,1,9)",3824
"(44,1,5)",3825
"(30,1,1)",3826
"(11,1,3)",3827
"(49,1,1)",3828
"(10,1,5)",3829
"(11,1,10)",3830
"(5,1,10)",3831
"(33,1,6)",3832
"(19,1,7)",3833
"(8,1,1)",3834
"(6,1,10)",3835
"(28,1,1)",3836
"(45,1,2)",3837
"(30,1,9)",3838
"(14,1,2)",3839
"(40,1,10)",3840
"(29,1,9)",3841
"(34,1,1)",3842
"(9,1,8)",3843
"(43,1,3)",3844
"(48,1,4)",3845
"(44,1,9)",3846
"(13,1,5)",3847
"(22,1,6)",3848
"(2,1,5)",3849
"(11,1,5)",3850
"(46,1,9)",3851
"(36,1,7)",3852
"(17,1,1)",3853
"(25,1,4)",3854
"(37,1,3)",3855
"(31,1,3)",3856
"(28,1,3)",3857
"(20,1,6)",3858
"(36,1,8)",3859
"(48,1,3)",3860
"(36,1,5)",3861
"(22,1,2)",3862
"(39,1,10)",3863
"(33,1,10)",3864
"(14,1,1)",3865
"(3,1,7)",3866
"(4,1,9)",3867
"(3,1,9)",3868
"(12,1,10)",3869
"(48,1,9)",3870
"(50,1,5)",3871
"(55,1,5)",3872
"(3,1,2)",3873
"(56,1,8)",3874
"(3,1,8)",3875
"(16,1,8)",3876
"(32,1,2)",3877
"(40,1,3)",3878
"(5,1,8)",3879
"(40,1,5)",3880
"(2,1,8)",3881
"(51,1,9)",3882
"(41,1,2)",3883
"(46,1,6)",3884
"(42,1,8)",3885
"(7,1,10)",3886
"(8,1,3)",3887
"(38,1,10)",3888
"(3,1,1)",3889
"(23,1,1)",3890
"(10,1,1)",3891
"(20,1,5)",3892
"(38,1,8)",3893
"(34,1,7)",3894
"(2,1,6)",3895
"(35,1,1)",3896
"(3,1,3)",3897
"(55,1,8)",3898
"(16,1,2)",3899
"(34,1,2)",3900
"(32,1,3)",3901
"(17,1,4)",3902
"(33,1,5)",3903
"(48,4,7)",3904
"(39,4,5)",3905
"(9,4,7)",3906
"(52,4,9)",3907
"(19,4,8)",3908
"(51,4,8)",3909
"(28,4,3)",3910
"(45,4,8)",3911
"(3,4,7)",3912
"(14,4,8)",3913
"(8,4,2)",3914
"(10,4,4)",3915
"(43,4,3)",3916
"(10,4,5)",3917
"(35,4,4)",3918
"(35,4,8)",3919
"(6,4,8)",3920
"(20,4,2)",3921
"(42,4,2)",3922
"(32,4,4)",3923
"(37,4,10)",3924
"(29,4,4)",3925
"(47,4,6)",3926
"(55,4,5)",3927
"(20,4,8)",3928
"(5,4,1)",3929
"(10,4,1)",3930
"(18,4,7)",3931
"(39,4,6)",3932
"(8,4,4)",3933
"(7,4,4)",3934
"(22,4,2)",3935
"(8,4,8)",3936
"(31,4,6)",3937
"(22,4,3)",3938
"(48,4,1)",3939
"(13,4,2)",3940
"(34,4,2)",3941
"(11,4,8)",3942
"(12,4,1)",3943
"(41,4,8)",3944
"(52,4,4)",3945
"(2,4,6)",3946
"(54,4,1)",3947
"(36,4,2)",3948
"(55,4,4)",3949
"(31,4,3)",3950
"(38,4,5)",3951
"(44,4,3)",3952
"(33,4,8)",3953
"(15,4,6)",3954
"(26,4,9)",3955
"(33,4,9)",3956
"(18,4,8)",3957
"(16,4,9)",3958
"(43,4,4)",3959
"(23,4,9)",3960
"(33,4,5)",3961
"(35,4,3)",3962
"(6,4,3)",3963
"(27,4,6)",3964
"(32,4,3)",3965
"(18,4,5)",3966
"(30,4,5)",3967
"(48,4,3)",3968
"(23,4,3)",3969
"(30,4,10)",3970
"(34,4,10)",3971
"(17,4,7)",3972
"(56,4,2)",3973
"(12,4,10)",3974
"(14,4,7)",3975
"(49,4,10)",3976
"(50,4,3)",3977
"(38,4,9)",3978
"(45,4,10)",3979
"(15,4,5)",3980
"(52,4,10)",3981
"(43,4,8)",3982
"(53,4,9)",3983
"(3,4,2)",3984
"(13,4,3)",3985
"(22,4,4)",3986
"(34,4,8)",3987
"(33,4,10)",3988
"(56,4,5)",3989
"(56,4,8)",3990
"(10,4,10)",3991
"(51,4,7)",3992
"(10,4,8)",3993
"(4,4,4)",3994
"(51,4,6)",3995
"(16,4,4)",3996
"(31,4,7)",3997
"(21,4,8)",3998
"(46,4,1)",3999
"(2,4,9)",4000
"(29,4,5)",4001
"(12,4,3)",4002
"(14,4,10)",4003
"(21,4,1)",4004
"(31,4,2)",4005
"(9,4,6)",4006
"(5,4,10)",4007
"(38,4,4)",4008
"(42,4,4)",4009
"(48,4,4)",4010
"(45,4,9)",4011
"(38,4,6)",4012
"(14,4,5)",4013
"(40,4,6)",4014
"(3,4,6)",4015
"(2,4,1)",4016
"(34,4,4)",4017
"(44,4,6)",4018
"(8,4,3)",4019
"(56,4,6)",4020
"(46,4,8)",4021
"(42,4,3)",4022
"(3,4,4)",4023
"(24,4,10)",4024
"(22,4,9)",4025
"(30,4,8)",4026
"(55,4,1)",4027
"(44,4,10)",4028
"(22,4,7)",4029
"(39,4,1)",4030
"(10,4,9)",4031
"(22,4,8)",4032
"(32,4,2)",4033
"(37,5,3)",4034
"(3,5,1)",4035
"(31,5,4)",4036
"(36,5,3)",4037
"(27,5,4)",4038
"(14,5,6)",4039
"(18,5,5)",4040
"(40,5,10)",4041
"(50,5,6)",4042
"(10,5,7)",4043
"(11,5,3)",4044
"(31,5,7)",4045
"(14,5,8)",4046
"(51,5,5)",4047
"(9,5,2)",4048
"(27,5,9)",4049
"(23,5,10)",4050
"(19,5,5)",4051
"(2,5,8)",4052
"(35,5,9)",4053
"(25,5,7)",4054
"(17,5,7)",4055
"(25,5,2)",4056
"(46,5,8)",4057
"(47,5,2)",4058
"(39,5,1)",4059
"(37,5,9)",4060
"(30,5,1)",4061
"(22,5,3)",4062
"(24,5,1)",4063
"(40,5,3)",4064
"(2,5,4)",4065
"(6,5,3)",4066
"(9,5,6)",4067
"(13,5,2)",4068
"(6,5,6)",4069
"(41,5,4)",4070
"(20,5,7)",4071
"(26,5,4)",4072
"(8,5,5)",4073
"(36,5,10)",4074
"(1,5,6)",4075
"(10,5,8)",4076
"(36,5,6)",4077
"(55,5,9)",4078
"(22,5,4)",4079
"(44,5,10)",4080
"(18,5,10)",4081
"(10,5,4)",4082
"(20,5,1)",4083
"(26,5,10)",4084
"(23,5,2)",4085
"(30,5,8)",4086
"(49,5,5)",4087
"(35,5,4)",4088
"(44,5,7)",4089
"(47,5,9)",4090
"(11,5,1)",4091
"(54,5,3)",4092
"(30,5,10)",4093
"(48,5,4)",4094
"(56,5,1)",4095
"(42,5,10)",4096
"(46,5,6)",4097
"(7,5,3)",4098
"(15,5,6)",4099
"(37,5,8)",4100
"(29,5,8)",4101
"(54,5,2)",4102
"(38,5,8)",4103
"(43,5,1)",4104
"(7,5,2)",4105
"(27,5,7)",4106
"(29,5,4)",4107
"(46,5,4)",4108
"(19,5,1)",4109
"(21,5,1)",4110
"(40,5,2)",4111
"(38,5,6)",4112
"(16,5,5)",4113
"(56,5,8)",4114
"(30,5,3)",4115
"(5,5,10)",4116
"(15,5,9)",4117
"(22,5,10)",4118
"(48,5,2)",4119
"(54,5,4)",4120
"(20,5,5)",4121
"(46,5,1)",4122
"(56,5,10)",4123
"(14,5,3)",4124
"(54,5,5)",4125
"(21,5,5)",4126
"(53,5,9)",4127
"(22,5,2)",4128
"(54,5,1)",4129
"(23,5,6)",4130
"(2,5,1)",4131
"(36,5,4)",4132
"(23,5,9)",4133
"(5,5,4)",4134
"(12,5,1)",4135
"(53,5,1)",4136
"(27,5,1)",4137
"(44,5,4)",4138
"(2,5,3)",4139
"(3,5,2)",4140
"(28,5,4)",4141
"(38,5,2)",4142
"(55,5,7)",4143
"(1,5,8)",4144
"(27,5,6)",4145
"(53,5,2)",4146
"(7,5,7)",4147
"(16,5,8)",4148
"(11,5,10)",4149
"(10,5,6)",4150
"(11,5,8)",4151
"(45,5,2)",4152
"(22,5,7)",4153
"(37,5,1)",4154
"(1,5,5)",4155
"(39,5,9)",4156
"(19,5,9)",4157
"(23,5,4)",4158
"(40,5,7)",4159
"(27,5,5)",4160
"(12,5,8)",4161
"(32,5,5)",4162
"(48,5,9)",4163
"(17,5,2)",4164
"(32,5,6)",4165
"(39,5,10)",4166
"(54,5,8)",4167
"(27,5,8)",4168
"(24,5,10)",4169
"(3,5,6)",4170
"(4,5,7)",4171
"(48,5,6)",4172
"(35,5,8)",4173
"(18,5,4)",4174
"(35,8,6)",4175
"(46,8,8)",4176
"(53,8,10)",4177
"(7,8,8)",4178
"(31,8,6)",4179
"(44,8,4)",4180
"(2,8,6)",4181
"(49,8,7)",4182
"(12,8,2)",4183
"(12,8,4)",4184
"(37,8,8)",4185
"(19,8,4)",4186
"(44,8,3)",4187
"(21,8,6)",4188
"(20,8,6)",4189
"(55,8,1)",4190
"(37,8,4)",4191
"(51,8,9)",4192
"(22,8,3)",4193
"(34,8,3)",4194
"(51,8,2)",4195
"(50,8,7)",4196
"(10,8,10)",4197
"(47,8,3)",4198
"(40,8,7)",4199
"(46,8,7)",4200
"(36,8,10)",4201
"(43,8,3)",4202
"(36,8,6)",4203
"(19,8,7)",4204
"(10,8,8)",4205
"(13,8,5)",4206
"(1,8,10)",4207
"(9,8,4)",4208
"(41,8,6)",4209
"(50,8,6)",4210
"(28,8,7)",4211
"(29,8,8)",4212
"(14,8,2)",4213
"(55,8,2)",4214
"(38,8,5)",4215
"(6,8,2)",4216
"(48,8,3)",4217
"(55,8,10)",4218
"(40,8,4)",4219
"(16,8,2)",4220
"(37,8,1)",4221
"(38,8,9)",4222
"(3,8,5)",4223
"(33,8,6)",4224
"(29,8,5)",4225
"(11,8,8)",4226
"(16,8,3)",4227
"(26,8,3)",4228
"(34,8,7)",4229
"(18,8,4)",4230
"(3,8,6)",4231
"(51,8,10)",4232
"(53,8,2)",4233
"(45,8,1)",4234
"(25,8,10)",4235
"(51,8,8)",4236
"(27,8,9)",4237
"(22,8,6)",4238
"(43,8,8)",4239
"(39,8,5)",4240
"(56,8,3)",4241
"(39,8,1)",4242
"(12,8,8)",4243
"(30,8,5)",4244
"(11,8,7)",4245
"(26,8,9)",4246
"(39,8,4)",4247
"(2,8,9)",4248
"(23,8,3)",4249
"(28,8,9)",4250
"(34,8,8)",4251
"(30,8,2)",4252
"(23,8,7)",4253
"(44,8,9)",4254
"(14,8,8)",4255
"(54,8,2)",4256
"(5,8,6)",4257
"(43,8,5)",4258
"(55,8,9)",4259
"(5,8,5)",4260
"(15,8,9)",4261
"(52,8,5)",4262
"(56,8,7)",4263
"(12,8,7)",4264
"(40,8,9)",4265
"(48,8,6)",4266
"(35,8,10)",4267
"(46,8,1)",4268
"(23,8,1)",4269
"(19,8,1)",4270
"(43,8,10)",4271
"(16,8,1)",4272
"(33,8,2)",4273
"(9,8,7)",4274
"(55,8,4)",4275
"(8,8,3)",4276
"(28,8,8)",4277
"(16,8,10)",4278
"(33,8,5)",4279
"(43,8,9)",4280
"(41,8,10)",4281
"(30,8,3)",4282
"(46,8,5)",4283
"(26,8,2)",4284
"(51,8,3)",4285
"(18,8,10)",4286
"(39,8,7)",4287
"(13,8,7)",4288
"(32,8,2)",4289
"(11,8,1)",4290
"(29,8,2)",4291
"(20,8,7)",4292
"(54,8,9)",4293
"(42,8,7)",4294
"(46,8,6)",4295
"(48,8,9)",4296
"(23,8,9)",4297
"(25,8,3)",4298
"(20,8,3)",4299
"(49,8,9)",4300
"(5,8,9)",4301
"(21,8,7)",4302
"(39,8,10)",4303
"(23,8,5)",4304
"(30,8,7)",4305
"(37,8,7)",4306
"(15,8,7)",4307
"(42,8,4)",4308
"(49,8,10)",4309
"(15,8,2)",4310
"(56,8,8)",4311
"(54,8,10)",4312
"(51,8,5)",4313
"(26,8,8)",4314
"(25,9,8)",4315
"(46,9,10)",4316
"(43,9,2)",4317
"(14,9,1)",4318
"(12,9,5)",4319
"(7,9,8)",4320
"(13,9,10)",4321
"(54,9,2)",4322
"(5,9,4)",4323
"(46,9,8)",4324
"(22,9,9)",4325
"(51,9,6)",4326
"(17,9,7)",4327
"(53,9,2)",4328
"(12,9,10)",4329
"(53,9,7)",4330
"(30,9,4)",4331
"(48,9,4)",4332
"(4,9,9)",4333
"(50,9,8)",4334
"(27,9,8)",4335
"(54,9,5)",4336
"(39,9,5)",4337
"(36,9,10)",4338
"(28,9,1)",4339
"(16,9,7)",4340
"(40,9,4)",4341
"(2,9,4)",4342
"(25,9,3)",4343
"(32,9,1)",4344
"(21,9,5)",4345
"(45,9,1)",4346
"(49,9,9)",4347
"(14,9,5)",4348
"(22,9,1)",4349
"(55,9,9)",4350
"(28,9,5)",4351
"(9,9,8)",4352
"(7,9,9)",4353
"(19,9,10)",4354
"(21,9,2)",4355
"(30,9,9)",4356
"(56,9,7)",4357
"(26,9,1)",4358
"(44,9,7)",4359
"(24,9,3)",4360
"(33,9,7)",4361
"(20,9,2)",4362
"(28,9,10)",4363
"(2,9,8)",4364
"(12,9,2)",4365
"(8,9,9)",4366
"(23,9,8)",4367
"(36,9,5)",4368
"(22,9,3)",4369
"(22,9,2)",4370
"(10,9,5)",4371
"(16,9,1)",4372
"(12,9,8)",4373
"(41,9,4)",4374
"(50,9,5)",4375
"(40,9,7)",4376
"(9,9,6)",4377
"(31,9,1)",4378
"(31,9,8)",4379
"(34,9,4)",4380
"(26,9,6)",4381
"(2,9,9)",4382
"(22,9,7)",4383
"(18,9,3)",4384
"(43,9,1)",4385
"(6,9,5)",4386
"(53,9,3)",4387
"(46,9,3)",4388
"(41,9,2)",4389
"(52,9,2)",4390
"(16,9,5)",4391
"(13,9,9)",4392
"(37,9,3)",4393
"(13,9,6)",4394
"(23,9,4)",4395
"(35,9,5)",4396
"(34,9,7)",4397
"(30,9,10)",4398
"(20,9,8)",4399
"(10,9,2)",4400
"(30,9,6)",4401
"(49,9,2)",4402
"(13,9,8)",4403
"(11,9,7)",4404
"(40,9,3)",4405
"(1,9,3)",4406
"(17,9,10)",4407
"(8,9,7)",4408
"(9,9,1)",4409
"(48,9,9)",4410
"(16,9,10)",4411
"(37,9,4)",4412
"(47,9,6)",4413
"(27,9,4)",4414
"(27,9,6)",4415
"(43,9,9)",4416
"(31,9,4)",4417
"(33,9,4)",4418
"(44,9,1)",4419
"(31,9,5)",4420
"(1,9,6)",4421
"(1,9,2)",4422
"(10,9,9)",4423
"(13,9,4)",4424
"(33,9,10)",4425
"(48,9,1)",4426
"(14,9,7)",4427
"(50,9,1)",4428
"(56,9,6)",4429
"(41,9,6)",4430
"(50,9,4)",4431
"(9,9,3)",4432
"(2,9,5)",4433
"(54,9,4)",4434
"(16,9,2)",4435
"(37,9,8)",4436
"(22,9,4)",4437
"(4,9,2)",4438
"(42,9,7)",4439
"(52,9,6)",4440
"(52,9,4)",4441
"(51,9,9)",4442
"(12,12,8)",4443
"(53,12,10)",4444
"(4,12,9)",4445
"(21,12,6)",4446
"(15,12,2)",4447
"(43,12,10)",4448
"(35,12,1)",4449
"(39,12,4)",4450
"(5,12,6)",4451
"(12,12,7)",4452
"(22,12,4)",4453
"(17,12,10)",4454
"(18,12,2)",4455
"(27,12,6)",4456
"(41,12,1)",4457
"(4,12,6)",4458
"(28,12,7)",4459
"(22,12,2)",4460
"(42,12,1)",4461
"(40,12,7)",4462
"(56,12,5)",4463
"(36,12,10)",4464
"(12,12,9)",4465
"(14,12,7)",4466
"(24,12,6)",4467
"(13,12,1)",4468
"(31,12,2)",4469
"(48,12,7)",4470
"(41,12,10)",4471
"(12,12,3)",4472
"(56,12,8)",4473
"(26,12,3)",4474
"(14,12,8)",4475
"(9,12,8)",4476
"(34,12,5)",4477
"(28,12,6)",4478
"(13,12,5)",4479
"(2,12,3)",4480
"(16,12,10)",4481
"(37,12,4)",4482
"(55,12,9)",4483
"(6,12,1)",4484
"(14,12,6)",4485
"(1,12,2)",4486
"(48,12,9)",4487
"(37,12,2)",4488
"(49,12,2)",4489
"(11,12,3)",4490
"(54,12,4)",4491
"(11,12,7)",4492
"(46,12,3)",4493
"(40,12,6)",4494
"(25,12,9)",4495
"(2,12,7)",4496
"(47,12,4)",4497
"(43,12,4)",4498
"(15,12,3)",4499
"(13,12,2)",4500
"(25,12,7)",4501
"(30,12,6)",4502
"(30,12,5)",4503
"(24,12,9)",4504
"(16,12,7)",4505
"(52,12,3)",4506
"(20,12,8)",4507
"(21,12,9)",4508
"(50,12,10)",4509
"(48,12,4)",4510
"(18,12,6)",4511
"(49,12,7)",4512
"(37,12,10)",4513
"(56,12,1)",4514
"(33,12,10)",4515
"(3,12,7)",4516
"(41,12,8)",4517
"(43,12,9)",4518
"(8,12,3)",4519
"(25,12,5)",4520
"(45,12,8)",4521
"(40,12,9)",4522
"(40,12,5)",4523
"(26,12,9)",4524
"(14,12,1)",4525
"(40,12,2)",4526
"(35,12,7)",4527
"(24,12,8)",4528
"(41,12,6)",4529
"(9,12,7)",4530
"(12,12,1)",4531
"(27,12,2)",4532
"(46,12,10)",4533
"(13,12,8)",4534
"(26,12,5)",4535
"(33,12,2)",4536
"(26,12,2)",4537
"(36,12,6)",4538
"(50,12,3)",4539
"(8,12,6)",4540
"(39,12,10)",4541
"(46,12,4)",4542
"(54,12,2)",4543
"(9,12,9)",4544
"(52,12,6)",4545
"(26,12,4)",4546
"(50,12,6)",4547
"(46,12,9)",4548
"(30,12,1)",4549
"(31,12,8)",4550
"(3,12,6)",4551
"(53,12,4)",4552
"(22,12,6)",4553
"(7,12,1)",4554
"(43,12,3)",4555
"(4,12,2)",4556
"(30,12,3)",4557
"(47,12,1)",4558
"(52,12,10)",4559
"(1,12,6)",4560
"(5,12,7)",4561
"(51,12,6)",4562
"(10,12,4)",4563
"(31,12,1)",4564
"(39,12,1)",4565
"(56,12,2)",4566
"(25,12,10)",4567
"(36,12,4)",4568
"(22,12,7)",4569
"(28,12,1)",4570
"(37,12,6)",4571
"(44,12,6)",4572
"(1,13,6)",4573
"(9,13,2)",4574
"(35,13,5)",4575
"(3,13,8)",4576
"(18,13,6)",4577
"(32,13,9)",4578
"(45,13,3)",4579
"(10,13,7)",4580
"(50,13,9)",4581
"(29,13,6)",4582
"(54,13,1)",4583
"(13,13,2)",4584
"(48,13,3)",4585
"(44,13,5)",4586
"(1,13,2)",4587
"(36,13,8)",4588
"(26,13,8)",4589
"(54,13,4)",4590
"(22,13,2)",4591
"(38,13,7)",4592
"(21,13,6)",4593
"(27,13,2)",4594
"(11,13,1)",4595
"(11,13,8)",4596
"(21,13,8)",4597
"(47,13,2)",4598
"(34,13,8)",4599
"(24,13,9)",4600
"(54,13,9)",4601
"(13,13,8)",4602
"(56,13,2)",4603
"(48,13,1)",4604
"(52,13,8)",4605
"(5,13,5)",4606
"(26,13,2)",4607
"(43,13,10)",4608
"(54,13,10)",4609
"(8,13,6)",4610
"(22,13,3)",4611
"(43,13,9)",4612
"(25,13,3)",4613
"(3,13,10)",4614
"(20,13,3)",4615
"(5,13,4)",4616
"(32,13,2)",4617
"(6,13,9)",4618
"(7,13,5)",4619
"(56,13,7)",4620
"(46,13,1)",4621
"(35,13,8)",4622
"(17,13,3)",4623
"(19,13,1)",4624
"(13,13,9)",4625
"(15,13,10)",4626
"(18,13,1)",4627
"(30,13,3)",4628
"(12,13,8)",4629
"(17,13,10)",4630
"(41,13,9)",4631
"(43,13,3)",4632
"(33,13,6)",4633
"(31,13,6)",4634
"(13,13,7)",4635
"(17,13,7)",4636
"(34,13,9)",4637
"(24,13,1)",4638
"(23,13,2)",4639
"(50,13,1)",4640
"(56,13,9)",4641
"(46,13,7)",4642
"(3,13,4)",4643
"(27,13,8)",4644
"(4,13,3)",4645
"(8,13,4)",4646
"(15,13,4)",4647
"(18,13,10)",4648
"(9,13,1)",4649
"(11,13,3)",4650
"(29,13,10)",4651
"(11,13,2)",4652
"(37,13,5)",4653
"(1,13,7)",4654
"(56,13,8)",4655
"(53,13,1)",4656
"(23,13,8)",4657
"(37,13,9)",4658
"(12,13,7)",4659
"(33,13,7)",4660
"(26,13,7)",4661
"(13,13,3)",4662
"(47,13,3)",4663
"(25,13,4)",4664
"(29,13,8)",4665
"(45,13,5)",4666
"(10,13,5)",4667
"(2,13,7)",4668
"(45,13,1)",4669
"(51,13,6)",4670
"(40,13,8)",4671
"(5,13,7)",4672
"(27,13,1)",4673
"(28,13,8)",4674
"(28,13,10)",4675
"(20,13,9)",4676
"(10,13,1)",4677
"(56,13,5)",4678
"(8,13,3)",4679
"(37,13,8)",4680
"(52,13,2)",4681
"(4,13,5)",4682
"(9,13,4)",4683
"(53,13,2)",4684
"(29,13,2)",4685
"(15,13,5)",4686
"(26,13,4)",4687
"(46,13,4)",4688
"(19,13,9)",4689
"(6,13,1)",4690
"(54,13,2)",4691
"(43,13,1)",4692
"(41,13,8)",4693
"(2,13,4)",4694
"(52,13,7)",4695
"(13,13,10)",4696
"(49,13,1)",4697
"(43,13,5)",4698
"(10,13,8)",4699
"(43,13,7)",4700
"(2,16,4)",4701
"(30,16,3)",4702
"(47,16,6)",4703
"(11,16,3)",4704
"(33,16,8)",4705
"(44,16,8)",4706
"(51,16,9)",4707
"(46,16,7)",4708
"(19,16,10)",4709
"(4,16,10)",4710
"(37,16,1)",4711
"(49,16,6)",4712
"(19,16,1)",4713
"(4,16,4)",4714
"(5,16,4)",4715
"(5,16,2)",4716
"(42,16,8)",4717
"(18,16,3)",4718
"(44,16,5)",4719
"(25,16,8)",4720
"(41,16,4)",4721
"(34,16,2)",4722
"(18,16,8)",4723
"(49,16,9)",4724
"(29,16,5)",4725
"(25,16,4)",4726
"(8,16,4)",4727
"(45,16,9)",4728
"(16,16,3)",4729
"(54,16,8)",4730
"(15,16,1)",4731
"(46,16,9)",4732
"(48,16,2)",4733
"(7,16,9)",4734
"(2,16,1)",4735
"(26,16,7)",4736
"(3,16,10)",4737
"(26,16,9)",4738
"(11,16,9)",4739
"(19,16,8)",4740
"(54,16,5)",4741
"(37,16,7)",4742
"(41,16,3)",4743
"(40,16,6)",4744
"(41,16,1)",4745
"(37,16,3)",4746
"(27,16,5)",4747
"(36,16,7)",4748
"(24,16,1)",4749
"(24,16,5)",4750
"(18,16,7)",4751
"(40,16,4)",4752
"(11,16,2)",4753
"(21,16,9)",4754
"(34,16,5)",4755
"(5,16,6)",4756
"(27,16,6)",4757
"(28,16,5)",4758
"(1,16,6)",4759
"(1,16,2)",4760
"(7,16,3)",4761
"(32,16,6)",4762
"(4,16,9)",4763
"(25,16,5)",4764
"(3,16,5)",4765
"(9,16,3)",4766
"(2,16,6)",4767
"(31,16,10)",4768
"(43,16,10)",4769
"(26,16,6)",4770
"(6,16,5)",4771
"(13,16,1)",4772
"(5,16,10)",4773
"(39,16,7)",4774
"(38,16,7)",4775
"(13,16,3)",4776
"(39,16,6)",4777
"(29,16,6)",4778
"(21,16,1)",4779
"(55,16,4)",4780
"(12,16,7)",4781
"(35,16,6)",4782
"(32,16,3)",4783
"(25,16,3)",4784
"(54,16,10)",4785
"(18,16,4)",4786
"(55,16,8)",4787
"(10,16,9)",4788
"(23,16,1)",4789
"(21,16,2)",4790
"(36,16,2)",4791
"(38,16,5)",4792
"(14,16,7)",4793
"(25,16,6)",4794
"(6,16,6)",4795
"(12,16,8)",4796
"(2,16,7)",4797
"(29,16,4)",4798
"(17,16,4)",4799
"(48,16,6)",4800
"(51,16,7)",4801
"(32,16,10)",4802
"(53,16,3)",4803
"(21,16,5)",4804
"(10,16,2)",4805
"(26,16,5)",4806
"(46,16,8)",4807
"(53,16,7)",4808
"(40,16,7)",4809
"(9,16,4)",4810
"(30,16,7)",4811
"(27,16,2)",4812
"(25,16,2)",4813
"(34,16,10)",4814
"(22,16,2)",4815
"(26,16,8)",4816
"(42,16,2)",4817
"(45,16,1)",4818
"(28,16,6)",4819
"(55,16,10)",4820
"(52,16,8)",4821
"(38,16,8)",4822
"(26,16,10)",4823
"(46,16,6)",4824
"(8,16,7)",4825
"(24,16,8)",4826
"(29,16,1)",4827
"(2,16,8)",4828
"(11,16,5)",4829
"(33,16,2)",4830
"(56,16,1)",4831
"(39,17,6)",4832
"(16,17,6)",4833
"(9,17,9)",4834
"(47,17,4)",4835
"(30,17,7)",4836
"(36,17,6)",4837
"(16,17,3)",4838
"(35,17,2)",4839
"(8,17,2)",4840
"(4,17,7)",4841
"(21,17,5)",4842
"(51,17,1)",4843
"(41,17,4)",4844
"(24,17,2)",4845
"(8,17,4)",4846
"(42,17,2)",4847
"(21,17,9)",4848
"(18,17,3)",4849
"(56,17,3)",4850
"(47,17,8)",4851
"(2,17,4)",4852
"(26,17,8)",4853
"(36,17,3)",4854
"(27,17,9)",4855
"(2,17,8)",4856
"(53,17,4)",4857
"(2,17,6)",4858
"(50,17,2)",4859
"(22,17,8)",4860
"(31,17,5)",4861
"(2,17,3)",4862
"(47,17,9)",4863
"(43,17,1)",4864
"(8,17,6)",4865
"(13,17,9)",4866
"(11,17,9)",4867
"(42,17,1)",4868
"(22,17,6)",4869
"(4,17,1)",4870
"(32,17,4)",4871
"(8,17,3)",4872
"(11,17,5)",4873
"(15,17,7)",4874
"(42,17,5)",4875
"(39,17,2)",4876
"(38,17,7)",4877
"(46,17,1)",4878
"(7,17,9)",4879
"(22,17,5)",4880
"(45,17,3)",4881
"(22,17,7)",4882
"(20,17,4)",4883
"(10,17,9)",4884
"(18,17,4)",4885
"(40,17,9)",4886
"(33,17,6)",4887
"(36,17,2)",4888
"(10,17,1)",4889
"(40,17,3)",4890
"(45,17,10)",4891
"(24,17,5)",4892
"(31,17,9)",4893
"(6,17,1)",4894
"(10,17,2)",4895
"(14,17,8)",4896
"(43,17,2)",4897
"(17,17,5)",4898
"(20,17,8)",4899
"(49,17,8)",4900
"(54,17,5)",4901
"(1,17,4)",4902
"(13,17,4)",4903
"(13,17,7)",4904
"(1,17,10)",4905
"(31,17,10)",4906
"(41,17,1)",4907
"(39,17,8)",4908
"(10,17,7)",4909
"(35,17,7)",4910
"(6,17,4)",4911
"(36,17,4)",4912
"(43,17,5)",4913
"(6,17,2)",4914
"(37,17,3)",4915
"(52,17,3)",4916
"(44,17,2)",4917
"(10,17,5)",4918
"(40,17,6)",4919
"(15,17,10)",4920
"(26,17,2)",4921
"(55,17,5)",4922
"(56,17,8)",4923
"(12,17,1)",4924
"(3,17,5)",4925
"(18,17,7)",4926
"(31,17,2)",4927
"(20,17,2)",4928
"(23,17,9)",4929
"(56,17,4)",4930
"(54,17,4)",4931
"(25,17,4)",4932
"(38,17,2)",4933
"(23,17,2)",4934
"(51,17,5)",4935
"(6,17,9)",4936
"(28,17,10)",4937
"(7,17,4)",4938
"(34,17,3)",4939
"(6,17,3)",4940
"(43,17,3)",4941
"(13,17,8)",4942
"(35,17,4)",4943
"(11,17,6)",4944
"(49,17,6)",4945
"(7,17,6)",4946
"(29,17,6)",4947
"(9,17,1)",4948
"(50,17,5)",4949
"(44,17,8)",4950
"(13,17,5)",4951
"(24,17,6)",4952
"(10,17,3)",4953
"(3,17,4)",4954
"(21,17,1)",4955
"(44,17,5)",4956
"(55,17,4)",4957
"(54,17,10)",4958
"(28,17,4)",4959
"(54,17,6)",4960
"(53,17,9)",4961
"(27,17,6)",4962
"(44,17,1)",4963
"(49,17,5)",4964
"(49,17,10)",4965
"(8,17,8)",4966
"(13,20,7)",4967
"(51,20,2)",4968
"(50,20,4)",4969
"(39,20,3)",4970
"(14,20,4)",4971
"(35,20,7)",4972
"(53,20,10)",4973
"(26,20,9)",4974
"(56,20,5)",4975
"(55,20,3)",4976
"(36,20,3)",4977
"(34,20,1)",4978
"(46,20,5)",4979
"(35,20,1)",4980
"(29,20,1)",4981
"(24,20,4)",4982
"(28,20,7)",4983
"(47,20,2)",4984
"(36,20,4)",4985
"(38,20,4)",4986
"(48,20,10)",4987
"(17,20,1)",4988
"(18,20,9)",4989
"(1,20,10)",4990
"(55,20,1)",4991
"(16,20,1)",4992
"(1,20,8)",4993
"(51,20,10)",4994
"(12,20,1)",4995
"(55,20,8)",4996
"(13,20,3)",4997
"(16,20,5)",4998
"(23,20,6)",4999
"(33,20,4)",5000
"(12,20,3)",5001
"(9,20,4)",5002
"(44,20,4)",5003
"(11,20,7)",5004
"(53,20,7)",5005
"(54,20,5)",5006
"(54,20,10)",5007
"(34,20,4)",5008
"(32,20,6)",5009
"(1,20,5)",5010
"(21,20,7)",5011
"(21,20,2)",5012
"(1,20,6)",5013
"(40,20,4)",5014
"(50,20,8)",5015
"(32,20,4)",5016
"(16,20,8)",5017
"(49,20,7)",5018
"(36,20,7)",5019
"(38,20,2)",5020
"(34,20,10)",5021
"(32,20,5)",5022
"(26,20,4)",5023
"(33,20,8)",5024
"(38,20,10)",5025
"(7,20,9)",5026
"(32,20,2)",5027
"(30,20,9)",5028
"(56,20,8)",5029
"(2,20,4)",5030
"(39,20,1)",5031
"(19,20,4)",5032
"(49,20,10)",5033
"(3,20,3)",5034
"(28,20,4)",5035
"(39,20,10)",5036
"(21,20,5)",5037
"(56,20,3)",5038
"(24,20,1)",5039
"(4,20,8)",5040
"(35,20,2)",5041
"(21,20,10)",5042
"(25,20,4)",5043
"(10,20,10)",5044
"(14,20,1)",5045
"(36,20,10)",5046
"(42,20,8)",5047
"(54,20,3)",5048
"(1,20,7)",5049
"(42,20,9)",5050
"(33,20,5)",5051
"(28,20,10)",5052
"(30,20,6)",5053
"(48,20,2)",5054
"(20,20,4)",5055
"(19,20,2)",5056
"(20,20,6)",5057
"(34,20,9)",5058
"(43,20,4)",5059
"(34,20,6)",5060
"(18,20,10)",5061
"(49,20,5)",5062
"(28,20,8)",5063
"(37,20,7)",5064
"(20,20,7)",5065
"(54,20,7)",5066
"(5,20,9)",5067
"(9,20,5)",5068
"(49,20,8)",5069
"(2,20,6)",5070
"(8,20,6)",5071
"(11,20,2)",5072
"(39,20,9)",5073
"(13,20,4)",5074
"(3,20,6)",5075
"(8,20,2)",5076
"(1,20,1)",5077
"(45,20,6)",5078
"(32,20,8)",5079
"(33,20,7)",5080
"(4,20,1)",5081
"(19,20,1)",5082
"(41,20,5)",5083
"(4,20,2)",5084
"(3,20,7)",5085
"(5,20,4)",5086
"(37,20,8)",5087
"(6,20,3)",5088
"(43,20,9)",5089
"(52,20,1)",5090
"(3,20,8)",5091
"(6,20,10)",5092
"(10,20,6)",5093
"(54,20,2)",5094
"(27,21,10)",5095
"(11,21,6)",5096
"(8,21,8)",5097
"(19,21,8)",5098
"(28,21,4)",5099
"(19,21,2)",5100
"(7,21,7)",5101
"(39,21,5)",5102
"(28,21,8)",5103
"(12,21,10)",5104
"(47,21,4)",5105
"(17,21,1)",5106
"(55,21,5)",5107
"(9,21,9)",5108
"(3,21,9)",5109
"(50,21,8)",5110
"(28,21,10)",5111
"(17,21,5)",5112
"(33,21,9)",5113
"(37,21,9)",5114
"(52,21,3)",5115
"(4,21,1)",5116
"(29,21,5)",5117
"(35,21,4)",5118
"(56,21,10)",5119
"(21,21,3)",5120
"(25,21,8)",5121
"(23,21,8)",5122
"(48,21,7)",5123
"(26,21,9)",5124
"(16,21,8)",5125
"(37,21,1)",5126
"(36,21,3)",5127
"(39,21,2)",5128
"(27,21,5)",5129
"(51,21,9)",5130
"(44,21,6)",5131
"(43,21,7)",5132
"(37,21,5)",5133
"(2,21,7)",5134
"(1,21,4)",5135
"(45,21,10)",5136
"(31,21,3)",5137
"(11,21,7)",5138
"(42,21,2)",5139
"(24,21,9)",5140
"(43,21,6)",5141
"(3,21,6)",5142
"(11,21,10)",5143
"(40,21,6)",5144
"(23,21,7)",5145
"(47,21,8)",5146
"(12,21,1)",5147
"(11,21,1)",5148
"(27,21,3)",5149
"(12,21,7)",5150
"(6,21,7)",5151
"(19,21,3)",5152
"(3,21,2)",5153
"(35,21,3)",5154
"(29,21,9)",5155
"(5,21,10)",5156
"(8,21,4)",5157
"(1,21,8)",5158
"(42,21,6)",5159
"(39,21,9)",5160
"(55,21,3)",5161
"(17,21,10)",5162
"(38,21,8)",5163
"(44,21,7)",5164
"(23,21,5)",5165
"(15,21,3)",5166
"(12,21,2)",5167
"(35,21,8)",5168
"(56,21,4)",5169
"(54,21,10)",5170
"(7,21,8)",5171
"(19,21,7)",5172
"(4,21,9)",5173
"(34,21,9)",5174
"(14,21,4)",5175
"(28,21,7)",5176
"(38,21,7)",5177
"(9,21,8)",5178
"(8,21,5)",5179
"(32,21,8)",5180
"(32,21,2)",5181
"(54,21,2)",5182
"(16,21,5)",5183
"(6,21,8)",5184
"(35,21,1)",5185
"(50,21,2)",5186
"(23,21,4)",5187
"(54,21,1)",5188
"(34,21,3)",5189
"(10,21,6)",5190
"(25,21,6)",5191
"(36,21,9)",5192
"(38,21,1)",5193
"(47,21,9)",5194
"(33,21,7)",5195
"(55,21,9)",5196
"(3,21,3)",5197
"(15,21,5)",5198
"(21,21,7)",5199
"(40,21,4)",5200
"(56,21,9)",5201
"(39,21,3)",5202
"(55,21,6)",5203
"(14,21,1)",5204
"(47,21,10)",5205
"(13,21,2)",5206
"(48,21,2)",5207
"(29,21,8)",5208
"(15,21,10)",5209
"(17,21,6)",5210
"(36,21,6)",5211
"(38,21,3)",5212
"(18,21,4)",5213
"(5,21,3)",5214
"(35,21,5)",5215
"(32,21,6)",5216
"(46,21,1)",5217
"(41,21,5)",5218
"(17,21,7)",5219
"(53,21,7)",5220
"(28,21,3)",5221
"(19,21,4)",5222
"(29,21,1)",5223
"(10,21,2)",5224
"(21,21,1)",5225
"(36,21,4)",5226
"(39,21,1)",5227
"(21,21,5)",5228
"(30,21,9)",5229
"(48,21,1)",5230
"(15,21,4)",5231
"(46,21,9)",5232
"(1,21,2)",5233
"(17,24,5)",5234
"(4,24,5)",5235
"(29,24,3)",5236
"(41,24,5)",5237
"(47,24,2)",5238
"(10,24,1)",5239
"(54,24,10)",5240
"(34,24,2)",5241
"(56,24,10)",5242
"(45,24,2)",5243
"(51,24,4)",5244
"(56,24,7)",5245
"(37,24,6)",5246
"(45,24,1)",5247
"(56,24,9)",5248
"(55,24,9)",5249
"(29,24,5)",5250
"(24,24,1)",5251
"(18,24,7)",5252
"(18,24,1)",5253
"(24,24,3)",5254
"(8,24,3)",5255
"(56,24,1)",5256
"(31,24,3)",5257
"(35,24,7)",5258
"(1,24,2)",5259
"(32,24,9)",5260
"(20,24,5)",5261
"(37,24,8)",5262
"(8,24,8)",5263
"(45,24,9)",5264
"(19,24,6)",5265
"(52,24,6)",5266
"(46,24,2)",5267
"(19,24,3)",5268
"(32,24,2)",5269
"(38,24,8)",5270
"(3,24,5)",5271
"(49,24,9)",5272
"(3,24,10)",5273
"(40,24,3)",5274
"(34,24,4)",5275
"(31,24,1)",5276
"(35,24,10)",5277
"(20,24,1)",5278
"(52,24,3)",5279
"(9,24,1)",5280
"(42,24,1)",5281
"(15,24,5)",5282
"(19,24,4)",5283
"(31,24,7)",5284
"(56,24,5)",5285
"(28,24,5)",5286
"(36,24,6)",5287
"(51,24,1)",5288
"(54,24,5)",5289
"(42,24,8)",5290
"(29,24,6)",5291
"(52,24,5)",5292
"(26,24,10)",5293
"(3,24,3)",5294
"(30,24,1)",5295
"(46,24,5)",5296
"(34,24,6)",5297
"(47,24,7)",5298
"(14,24,6)",5299
"(7,24,7)",5300
"(27,24,9)",5301
"(51,24,10)",5302
"(19,24,2)",5303
"(50,24,2)",5304
"(16,24,4)",5305
"(23,24,2)",5306
"(13,24,4)",5307
"(52,24,10)",5308
"(43,24,3)",5309
"(26,24,5)",5310
"(22,24,3)",5311
"(12,24,3)",5312
"(56,24,8)",5313
"(51,24,7)",5314
"(17,24,10)",5315
"(11,24,3)",5316
"(17,24,3)",5317
"(22,24,1)",5318
"(21,24,5)",5319
"(10,24,6)",5320
"(13,24,6)",5321
"(30,24,9)",5322
"(9,24,9)",5323
"(27,24,2)",5324
"(7,24,3)",5325
"(33,24,4)",5326
"(1,24,5)",5327
"(33,24,1)",5328
"(21,24,2)",5329
"(49,24,8)",5330
"(43,24,6)",5331
"(20,24,9)",5332
"(28,24,4)",5333
"(44,24,3)",5334
"(14,24,8)",5335
"(13,24,3)",5336
"(26,24,7)",5337
"(10,24,9)",5338
"(52,24,9)",5339
"(20,24,10)",5340
"(52,24,4)",5341
"(32,24,1)",5342
"(48,24,10)",5343
"(36,24,7)",5344
"(47,24,5)",5345
"(19,24,8)",5346
"(9,24,3)",5347
"(47,24,9)",5348
"(25,24,4)",5349
"(23,24,6)",5350
"(7,24,1)",5351
"(8,24,6)",5352
"(14,24,7)",5353
"(12,24,5)",5354
"(52,24,7)",5355
"(53,24,8)",5356
"(2,24,1)",5357
"(27,24,5)",5358
"(46,24,1)",5359
"(22,24,4)",5360
"(28,24,6)",5361
"(9,24,2)",5362
"(28,24,8)",5363
"(10,24,4)",5364
"(36,24,5)",5365
"(3,24,6)",5366
"(39,24,1)",5367
"(51,24,6)",5368
"(14,24,9)",5369
"(27,24,10)",5370
"(39,24,9)",5371
"(36,24,10)",5372
"(29,24,2)",5373
"(6,24,4)",5374
"(10,24,10)",5375
"(4,24,6)",5376
